,Kab/Kota,jumlah,jns_kelamin,profesi,unit_kerja,tahun
0,Kabupaten Bandung,12,laki-laki,dokter gigi,puskesmas,2018
1,Kabupaten Bandung,0,laki-laki,dokter gigi spesialis,puskesmas,2018
2,Kabupaten Bandung,56,perempuan,dokter gigi,puskesmas,2018
3,Kabupaten Bandung,0,perempuan,dokter gigi spesialis,puskesmas,2018
4,Kabupaten Bandung Barat,8,laki-laki,dokter gigi,puskesmas,2018
5,Kabupaten Bandung Barat,0,laki-laki,dokter gigi spesialis,puskesmas,2018
6,Kabupaten Bandung Barat,22,perempuan,dokter gigi,puskesmas,2018
7,Kabupaten Bandung Barat,0,perempuan,dokter gigi spesialis,puskesmas,2018
8,Kabupaten Bekasi,3,laki-laki,dokter gigi,puskesmas,2018
9,Kabupaten Bekasi,0,laki-laki,dokter gigi spesialis,puskesmas,2018
10,Kabupaten Bekasi,27,perempuan,dokter gigi,puskesmas,2018
11,Kabupaten Bekasi,0,perempuan,dokter gigi spesialis,puskesmas,2018
12,Kabupaten Bogor,5,laki-laki,dokter gigi,puskesmas,2018
13,Kabupaten Bogor,0,laki-laki,dokter gigi spesialis,puskesmas,2018
14,Kabupaten Bogor,65,perempuan,dokter gigi,puskesmas,2018
15,Kabupaten Bogor,0,perempuan,dokter gigi spesialis,puskesmas,2018
16,Kabupaten Ciamis,3,laki-laki,dokter gigi,puskesmas,2018
17,Kabupaten Ciamis,0,laki-laki,dokter gigi spesialis,puskesmas,2018
18,Kabupaten Ciamis,5,perempuan,dokter gigi,puskesmas,2018
19,Kabupaten Ciamis,0,perempuan,dokter gigi spesialis,puskesmas,2018
20,Kabupaten Cianjur,1,laki-laki,dokter gigi,puskesmas,2018
21,Kabupaten Cianjur,0,laki-laki,dokter gigi spesialis,puskesmas,2018
22,Kabupaten Cianjur,22,perempuan,dokter gigi,puskesmas,2018
23,Kabupaten Cianjur,0,perempuan,dokter gigi spesialis,puskesmas,2018
24,Kabupaten Cirebon,11,laki-laki,dokter gigi,puskesmas,2018
25,Kabupaten Cirebon,0,laki-laki,dokter gigi spesialis,puskesmas,2018
26,Kabupaten Cirebon,25,perempuan,dokter gigi,puskesmas,2018
27,Kabupaten Cirebon,0,perempuan,dokter gigi spesialis,puskesmas,2018
28,Kabupaten Garut,6,laki-laki,dokter gigi,puskesmas,2018
29,Kabupaten Garut,0,laki-laki,dokter gigi spesialis,puskesmas,2018
30,Kabupaten Garut,15,perempuan,dokter gigi,puskesmas,2018
31,Kabupaten Garut,0,perempuan,dokter gigi spesialis,puskesmas,2018
32,Kabupaten Indramayu,8,laki-laki,dokter gigi,puskesmas,2018
33,Kabupaten Indramayu,0,laki-laki,dokter gigi spesialis,puskesmas,2018
34,Kabupaten Indramayu,8,perempuan,dokter gigi,puskesmas,2018
35,Kabupaten Indramayu,0,perempuan,dokter gigi spesialis,puskesmas,2018
36,Kabupaten Karawang,9,laki-laki,dokter gigi,puskesmas,2018
37,Kabupaten Karawang,0,laki-laki,dokter gigi spesialis,puskesmas,2018
38,Kabupaten Karawang,34,perempuan,dokter gigi,puskesmas,2018
39,Kabupaten Karawang,0,perempuan,dokter gigi spesialis,puskesmas,2018
40,Kabupaten Kuningan,4,laki-laki,dokter gigi,puskesmas,2018
41,Kabupaten Kuningan,0,laki-laki,dokter gigi spesialis,puskesmas,2018
42,Kabupaten Kuningan,8,perempuan,dokter gigi,puskesmas,2018
43,Kabupaten Kuningan,0,perempuan,dokter gigi spesialis,puskesmas,2018
44,Kabupaten Majalengka,2,laki-laki,dokter gigi,puskesmas,2018
45,Kabupaten Majalengka,0,laki-laki,dokter gigi spesialis,puskesmas,2018
46,Kabupaten Majalengka,12,perempuan,dokter gigi,puskesmas,2018
47,Kabupaten Majalengka,0,perempuan,dokter gigi spesialis,puskesmas,2018
48,Kabupaten Pangandaran,3,laki-laki,dokter gigi,puskesmas,2018
49,Kabupaten Pangandaran,0,laki-laki,dokter gigi spesialis,puskesmas,2018
50,Kabupaten Pangandaran,4,perempuan,dokter gigi,puskesmas,2018
51,Kabupaten Pangandaran,0,perempuan,dokter gigi spesialis,puskesmas,2018
52,Kabupaten Purwakarta,3,laki-laki,dokter gigi,puskesmas,2018
53,Kabupaten Purwakarta,0,laki-laki,dokter gigi spesialis,puskesmas,2018
54,Kabupaten Purwakarta,15,perempuan,dokter gigi,puskesmas,2018
55,Kabupaten Purwakarta,0,perempuan,dokter gigi spesialis,puskesmas,2018
56,Kabupaten Subang,3,laki-laki,dokter gigi,puskesmas,2018
57,Kabupaten Subang,0,laki-laki,dokter gigi spesialis,puskesmas,2018
58,Kabupaten Subang,15,perempuan,dokter gigi,puskesmas,2018
59,Kabupaten Subang,0,perempuan,dokter gigi spesialis,puskesmas,2018
60,Kabupaten Sukabumi,5,laki-laki,dokter gigi,puskesmas,2018
61,Kabupaten Sukabumi,0,laki-laki,dokter gigi spesialis,puskesmas,2018
62,Kabupaten Sukabumi,15,perempuan,dokter gigi,puskesmas,2018
63,Kabupaten Sukabumi,0,perempuan,dokter gigi spesialis,puskesmas,2018
64,Kabupaten Sumedang,3,laki-laki,dokter gigi,puskesmas,2018
65,Kabupaten Sumedang,0,laki-laki,dokter gigi spesialis,puskesmas,2018
66,Kabupaten Sumedang,18,perempuan,dokter gigi,puskesmas,2018
67,Kabupaten Sumedang,0,perempuan,dokter gigi spesialis,puskesmas,2018
68,Kabupaten Tasikmalaya,5,laki-laki,dokter gigi,puskesmas,2018
69,Kabupaten Tasikmalaya,0,laki-laki,dokter gigi spesialis,puskesmas,2018
70,Kabupaten Tasikmalaya,13,perempuan,dokter gigi,puskesmas,2018
71,Kabupaten Tasikmalaya,0,perempuan,dokter gigi spesialis,puskesmas,2018
72,Kota Bandung,13,laki-laki,dokter gigi,puskesmas,2018
73,Kota Bandung,0,laki-laki,dokter gigi spesialis,puskesmas,2018
74,Kota Bandung,94,perempuan,dokter gigi,puskesmas,2018
75,Kota Bandung,0,perempuan,dokter gigi spesialis,puskesmas,2018
76,Kota Banjar,1,laki-laki,dokter gigi,puskesmas,2018
77,Kota Banjar,0,laki-laki,dokter gigi spesialis,puskesmas,2018
78,Kota Banjar,2,perempuan,dokter gigi,puskesmas,2018
79,Kota Banjar,0,perempuan,dokter gigi spesialis,puskesmas,2018
80,Kota Bekasi,6,laki-laki,dokter gigi,puskesmas,2018
81,Kota Bekasi,0,laki-laki,dokter gigi spesialis,puskesmas,2018
82,Kota Bekasi,79,perempuan,dokter gigi,puskesmas,2018
83,Kota Bekasi,3,perempuan,dokter gigi spesialis,puskesmas,2018
84,Kota Bogor,2,laki-laki,dokter gigi,puskesmas,2018
85,Kota Bogor,0,laki-laki,dokter gigi spesialis,puskesmas,2018
86,Kota Bogor,40,perempuan,dokter gigi,puskesmas,2018
87,Kota Bogor,0,perempuan,dokter gigi spesialis,puskesmas,2018
88,Kota Cimahi,0,laki-laki,dokter gigi,puskesmas,2018
89,Kota Cimahi,0,laki-laki,dokter gigi spesialis,puskesmas,2018
90,Kota Cimahi,17,perempuan,dokter gigi,puskesmas,2018
91,Kota Cimahi,0,perempuan,dokter gigi spesialis,puskesmas,2018
92,Kota Cirebon,2,laki-laki,dokter gigi,puskesmas,2018
93,Kota Cirebon,0,laki-laki,dokter gigi spesialis,puskesmas,2018
94,Kota Cirebon,17,perempuan,dokter gigi,puskesmas,2018
95,Kota Cirebon,0,perempuan,dokter gigi spesialis,puskesmas,2018
96,Kota Depok,1,laki-laki,dokter gigi,puskesmas,2018
97,Kota Depok,0,laki-laki,dokter gigi spesialis,puskesmas,2018
98,Kota Depok,53,perempuan,dokter gigi,puskesmas,2018
99,Kota Depok,0,perempuan,dokter gigi spesialis,puskesmas,2018
100,Kota Sukabumi,2,laki-laki,dokter gigi,puskesmas,2018
101,Kota Sukabumi,0,laki-laki,dokter gigi spesialis,puskesmas,2018
102,Kota Sukabumi,7,perempuan,dokter gigi,puskesmas,2018
103,Kota Sukabumi,0,perempuan,dokter gigi spesialis,puskesmas,2018
104,Kota Tasikmalaya,3,laki-laki,dokter gigi,puskesmas,2018
105,Kota Tasikmalaya,0,laki-laki,dokter gigi spesialis,puskesmas,2018
106,Kota Tasikmalaya,14,perempuan,dokter gigi,puskesmas,2018
107,Kota Tasikmalaya,0,perempuan,dokter gigi spesialis,puskesmas,2018
108,Kabupaten Bandung,46,laki-laki,dokter gigi,rumah sakit,2018
109,Kabupaten Bandung,83,laki-laki,dokter gigi spesialis,rumah sakit,2018
110,Kabupaten Bandung,122,perempuan,dokter gigi,rumah sakit,2018
111,Kabupaten Bandung,134,perempuan,dokter gigi spesialis,rumah sakit,2018
112,Kabupaten Bandung Barat,2,laki-laki,dokter gigi,rumah sakit,2018
113,Kabupaten Bandung Barat,1,laki-laki,dokter gigi spesialis,rumah sakit,2018
114,Kabupaten Bandung Barat,9,perempuan,dokter gigi,rumah sakit,2018
115,Kabupaten Bandung Barat,1,perempuan,dokter gigi spesialis,rumah sakit,2018
116,Kabupaten Bekasi,22,laki-laki,dokter gigi,rumah sakit,2018
117,Kabupaten Bekasi,6,laki-laki,dokter gigi spesialis,rumah sakit,2018
118,Kabupaten Bekasi,70,perempuan,dokter gigi,rumah sakit,2018
119,Kabupaten Bekasi,14,perempuan,dokter gigi spesialis,rumah sakit,2018
120,Kabupaten Bogor,18,laki-laki,dokter gigi,rumah sakit,2018
121,Kabupaten Bogor,15,laki-laki,dokter gigi spesialis,rumah sakit,2018
122,Kabupaten Bogor,68,perempuan,dokter gigi,rumah sakit,2018
123,Kabupaten Bogor,25,perempuan,dokter gigi spesialis,rumah sakit,2018
124,Kabupaten Ciamis,0,laki-laki,dokter gigi,rumah sakit,2018
125,Kabupaten Ciamis,1,laki-laki,dokter gigi spesialis,rumah sakit,2018
126,Kabupaten Ciamis,3,perempuan,dokter gigi,rumah sakit,2018
127,Kabupaten Ciamis,0,perempuan,dokter gigi spesialis,rumah sakit,2018
128,Kabupaten Cianjur,0,laki-laki,dokter gigi,rumah sakit,2018
129,Kabupaten Cianjur,0,laki-laki,dokter gigi spesialis,rumah sakit,2018
130,Kabupaten Cianjur,0,perempuan,dokter gigi,rumah sakit,2018
131,Kabupaten Cianjur,0,perempuan,dokter gigi spesialis,rumah sakit,2018
132,Kabupaten Cirebon,4,laki-laki,dokter gigi,rumah sakit,2018
133,Kabupaten Cirebon,4,laki-laki,dokter gigi spesialis,rumah sakit,2018
134,Kabupaten Cirebon,17,perempuan,dokter gigi,rumah sakit,2018
135,Kabupaten Cirebon,8,perempuan,dokter gigi spesialis,rumah sakit,2018
136,Kabupaten Garut,0,laki-laki,dokter gigi,rumah sakit,2018
137,Kabupaten Garut,0,laki-laki,dokter gigi spesialis,rumah sakit,2018
138,Kabupaten Garut,2,perempuan,dokter gigi,rumah sakit,2018
139,Kabupaten Garut,1,perempuan,dokter gigi spesialis,rumah sakit,2018
140,Kabupaten Indramayu,0,laki-laki,dokter gigi,rumah sakit,2018
141,Kabupaten Indramayu,0,laki-laki,dokter gigi spesialis,rumah sakit,2018
142,Kabupaten Indramayu,0,perempuan,dokter gigi,rumah sakit,2018
143,Kabupaten Indramayu,0,perempuan,dokter gigi spesialis,rumah sakit,2018
144,Kabupaten Karawang,15,laki-laki,dokter gigi,rumah sakit,2018
145,Kabupaten Karawang,6,laki-laki,dokter gigi spesialis,rumah sakit,2018
146,Kabupaten Karawang,31,perempuan,dokter gigi,rumah sakit,2018
147,Kabupaten Karawang,5,perempuan,dokter gigi spesialis,rumah sakit,2018
148,Kabupaten Kuningan,3,laki-laki,dokter gigi,rumah sakit,2018
149,Kabupaten Kuningan,0,laki-laki,dokter gigi spesialis,rumah sakit,2018
150,Kabupaten Kuningan,7,perempuan,dokter gigi,rumah sakit,2018
151,Kabupaten Kuningan,0,perempuan,dokter gigi spesialis,rumah sakit,2018
152,Kabupaten Majalengka,1,laki-laki,dokter gigi,rumah sakit,2018
153,Kabupaten Majalengka,0,laki-laki,dokter gigi spesialis,rumah sakit,2018
154,Kabupaten Majalengka,4,perempuan,dokter gigi,rumah sakit,2018
155,Kabupaten Majalengka,0,perempuan,dokter gigi spesialis,rumah sakit,2018
156,Kabupaten Pangandaran,0,laki-laki,dokter gigi,rumah sakit,2018
157,Kabupaten Pangandaran,0,laki-laki,dokter gigi spesialis,rumah sakit,2018
158,Kabupaten Pangandaran,0,perempuan,dokter gigi,rumah sakit,2018
159,Kabupaten Pangandaran,0,perempuan,dokter gigi spesialis,rumah sakit,2018
160,Kabupaten Purwakarta,5,laki-laki,dokter gigi,rumah sakit,2018
161,Kabupaten Purwakarta,3,laki-laki,dokter gigi spesialis,rumah sakit,2018
162,Kabupaten Purwakarta,17,perempuan,dokter gigi,rumah sakit,2018
163,Kabupaten Purwakarta,0,perempuan,dokter gigi spesialis,rumah sakit,2018
164,Kabupaten Subang,2,laki-laki,dokter gigi,rumah sakit,2018
165,Kabupaten Subang,1,laki-laki,dokter gigi spesialis,rumah sakit,2018
166,Kabupaten Subang,2,perempuan,dokter gigi,rumah sakit,2018
167,Kabupaten Subang,1,perempuan,dokter gigi spesialis,rumah sakit,2018
168,Kabupaten Sukabumi,6,laki-laki,dokter gigi,rumah sakit,2018
169,Kabupaten Sukabumi,0,laki-laki,dokter gigi spesialis,rumah sakit,2018
170,Kabupaten Sukabumi,11,perempuan,dokter gigi,rumah sakit,2018
171,Kabupaten Sukabumi,0,perempuan,dokter gigi spesialis,rumah sakit,2018
172,Kabupaten Sumedang,8,laki-laki,dokter gigi,rumah sakit,2018
173,Kabupaten Sumedang,4,laki-laki,dokter gigi spesialis,rumah sakit,2018
174,Kabupaten Sumedang,14,perempuan,dokter gigi,rumah sakit,2018
175,Kabupaten Sumedang,0,perempuan,dokter gigi spesialis,rumah sakit,2018
176,Kabupaten Tasikmalaya,0,laki-laki,dokter gigi,rumah sakit,2018
177,Kabupaten Tasikmalaya,0,laki-laki,dokter gigi spesialis,rumah sakit,2018
178,Kabupaten Tasikmalaya,0,perempuan,dokter gigi,rumah sakit,2018
179,Kabupaten Tasikmalaya,0,perempuan,dokter gigi spesialis,rumah sakit,2018
180,Kota Bandung,45,laki-laki,dokter gigi,rumah sakit,2018
181,Kota Bandung,83,laki-laki,dokter gigi spesialis,rumah sakit,2018
182,Kota Bandung,123,perempuan,dokter gigi,rumah sakit,2018
183,Kota Bandung,134,perempuan,dokter gigi spesialis,rumah sakit,2018
184,Kota Banjar,0,laki-laki,dokter gigi,rumah sakit,2018
185,Kota Banjar,0,laki-laki,dokter gigi spesialis,rumah sakit,2018
186,Kota Banjar,3,perempuan,dokter gigi,rumah sakit,2018
187,Kota Banjar,0,perempuan,dokter gigi spesialis,rumah sakit,2018
188,Kota Bekasi,1,laki-laki,dokter gigi,rumah sakit,2018
189,Kota Bekasi,1,laki-laki,dokter gigi spesialis,rumah sakit,2018
190,Kota Bekasi,5,perempuan,dokter gigi,rumah sakit,2018
191,Kota Bekasi,0,perempuan,dokter gigi spesialis,rumah sakit,2018
192,Kota Bogor,19,laki-laki,dokter gigi,rumah sakit,2018
193,Kota Bogor,18,laki-laki,dokter gigi spesialis,rumah sakit,2018
194,Kota Bogor,63,perempuan,dokter gigi,rumah sakit,2018
195,Kota Bogor,34,perempuan,dokter gigi spesialis,rumah sakit,2018
196,Kota Cimahi,5,laki-laki,dokter gigi,rumah sakit,2018
197,Kota Cimahi,12,laki-laki,dokter gigi spesialis,rumah sakit,2018
198,Kota Cimahi,25,perempuan,dokter gigi,rumah sakit,2018
199,Kota Cimahi,19,perempuan,dokter gigi spesialis,rumah sakit,2018
200,Kota Cirebon,2,laki-laki,dokter gigi,rumah sakit,2018
201,Kota Cirebon,8,laki-laki,dokter gigi spesialis,rumah sakit,2018
202,Kota Cirebon,31,perempuan,dokter gigi,rumah sakit,2018
203,Kota Cirebon,10,perempuan,dokter gigi spesialis,rumah sakit,2018
204,Kota Depok,20,laki-laki,dokter gigi,rumah sakit,2018
205,Kota Depok,20,laki-laki,dokter gigi spesialis,rumah sakit,2018
206,Kota Depok,75,perempuan,dokter gigi,rumah sakit,2018
207,Kota Depok,53,perempuan,dokter gigi spesialis,rumah sakit,2018
208,Kota Sukabumi,7,laki-laki,dokter gigi,rumah sakit,2018
209,Kota Sukabumi,1,laki-laki,dokter gigi spesialis,rumah sakit,2018
210,Kota Sukabumi,4,perempuan,dokter gigi,rumah sakit,2018
211,Kota Sukabumi,3,perempuan,dokter gigi spesialis,rumah sakit,2018
212,Kota Tasikmalaya,2,laki-laki,dokter gigi,rumah sakit,2018
213,Kota Tasikmalaya,1,laki-laki,dokter gigi spesialis,rumah sakit,2018
214,Kota Tasikmalaya,1,perempuan,dokter gigi,rumah sakit,2018
215,Kota Tasikmalaya,5,perempuan,dokter gigi spesialis,rumah sakit,2018
216,Kabupaten Bandung Barat,9,laki-laki,dokter gigi,klinik DINKES,2018
217,Kabupaten Bandung Barat,0,laki-laki,dokter gigi spesialis,klinik DINKES,2018
218,Kabupaten Bandung Barat,20,perempuan,dokter gigi,klinik DINKES,2018
219,Kabupaten Bandung Barat,0,perempuan,dokter gigi spesialis,klinik DINKES,2018
220,Kabupaten Bogor,0,laki-laki,dokter gigi,klinik DINKES,2018
221,Kabupaten Bogor,0,laki-laki,dokter gigi spesialis,klinik DINKES,2018
222,Kabupaten Bogor,2,perempuan,dokter gigi,klinik DINKES,2018
223,Kabupaten Bogor,0,perempuan,dokter gigi spesialis,klinik DINKES,2018
224,Kabupaten Cirebon,1,laki-laki,dokter gigi,klinik DINKES,2018
225,Kabupaten Cirebon,0,laki-laki,dokter gigi spesialis,klinik DINKES,2018
226,Kabupaten Cirebon,19,perempuan,dokter gigi,klinik DINKES,2018
227,Kabupaten Cirebon,0,perempuan,dokter gigi spesialis,klinik DINKES,2018
228,Kabupaten Sukabumi,1,laki-laki,dokter gigi,klinik DINKES,2018
229,Kabupaten Sukabumi,0,laki-laki,dokter gigi spesialis,klinik DINKES,2018
230,Kabupaten Sukabumi,3,perempuan,dokter gigi,klinik DINKES,2018
231,Kabupaten Sukabumi,0,perempuan,dokter gigi spesialis,klinik DINKES,2018
232,Kabupaten Bandung,13,laki-laki,dokter gigi,puskesmas,2019
233,Kabupaten Bandung,0,laki-laki,dokter gigi spesialis,puskesmas,2019
234,Kabupaten Bandung,61,perempuan,dokter gigi,puskesmas,2019
235,Kabupaten Bandung,0,perempuan,dokter gigi spesialis,puskesmas,2019
236,Kabupaten Bandung Barat,6,laki-laki,dokter gigi,puskesmas,2019
237,Kabupaten Bandung Barat,0,laki-laki,dokter gigi spesialis,puskesmas,2019
238,Kabupaten Bandung Barat,25,perempuan,dokter gigi,puskesmas,2019
239,Kabupaten Bandung Barat,0,perempuan,dokter gigi spesialis,puskesmas,2019
240,Kabupaten Bekasi,4,laki-laki,dokter gigi,puskesmas,2019
241,Kabupaten Bekasi,0,laki-laki,dokter gigi spesialis,puskesmas,2019
242,Kabupaten Bekasi,39,perempuan,dokter gigi,puskesmas,2019
243,Kabupaten Bekasi,0,perempuan,dokter gigi spesialis,puskesmas,2019
244,Kabupaten Bogor,5,laki-laki,dokter gigi,puskesmas,2019
245,Kabupaten Bogor,0,laki-laki,dokter gigi spesialis,puskesmas,2019
246,Kabupaten Bogor,56,perempuan,dokter gigi,puskesmas,2019
247,Kabupaten Bogor,0,perempuan,dokter gigi spesialis,puskesmas,2019
248,Kabupaten Ciamis,4,laki-laki,dokter gigi,puskesmas,2019
249,Kabupaten Ciamis,0,laki-laki,dokter gigi spesialis,puskesmas,2019
250,Kabupaten Ciamis,12,perempuan,dokter gigi,puskesmas,2019
251,Kabupaten Ciamis,0,perempuan,dokter gigi spesialis,puskesmas,2019
252,Kabupaten Cianjur,5,laki-laki,dokter gigi,puskesmas,2019
253,Kabupaten Cianjur,0,laki-laki,dokter gigi spesialis,puskesmas,2019
254,Kabupaten Cianjur,27,perempuan,dokter gigi,puskesmas,2019
255,Kabupaten Cianjur,0,perempuan,dokter gigi spesialis,puskesmas,2019
256,Kabupaten Cirebon,9,laki-laki,dokter gigi,puskesmas,2019
257,Kabupaten Cirebon,0,laki-laki,dokter gigi spesialis,puskesmas,2019
258,Kabupaten Cirebon,27,perempuan,dokter gigi,puskesmas,2019
259,Kabupaten Cirebon,0,perempuan,dokter gigi spesialis,puskesmas,2019
260,Kabupaten Garut,8,laki-laki,dokter gigi,puskesmas,2019
261,Kabupaten Garut,0,laki-laki,dokter gigi spesialis,puskesmas,2019
262,Kabupaten Garut,19,perempuan,dokter gigi,puskesmas,2019
263,Kabupaten Garut,0,perempuan,dokter gigi spesialis,puskesmas,2019
264,Kabupaten Indramayu,4,laki-laki,dokter gigi,puskesmas,2019
265,Kabupaten Indramayu,0,laki-laki,dokter gigi spesialis,puskesmas,2019
266,Kabupaten Indramayu,19,perempuan,dokter gigi,puskesmas,2019
267,Kabupaten Indramayu,0,perempuan,dokter gigi spesialis,puskesmas,2019
268,Kabupaten Karawang,7,laki-laki,dokter gigi,puskesmas,2019
269,Kabupaten Karawang,0,laki-laki,dokter gigi spesialis,puskesmas,2019
270,Kabupaten Karawang,26,perempuan,dokter gigi,puskesmas,2019
271,Kabupaten Karawang,0,perempuan,dokter gigi spesialis,puskesmas,2019
272,Kabupaten Kuningan,5,laki-laki,dokter gigi,puskesmas,2019
273,Kabupaten Kuningan,0,laki-laki,dokter gigi spesialis,puskesmas,2019
274,Kabupaten Kuningan,10,perempuan,dokter gigi,puskesmas,2019
275,Kabupaten Kuningan,0,perempuan,dokter gigi spesialis,puskesmas,2019
276,Kabupaten Majalengka,4,laki-laki,dokter gigi,puskesmas,2019
277,Kabupaten Majalengka,0,laki-laki,dokter gigi spesialis,puskesmas,2019
278,Kabupaten Majalengka,14,perempuan,dokter gigi,puskesmas,2019
279,Kabupaten Majalengka,0,perempuan,dokter gigi spesialis,puskesmas,2019
280,Kabupaten Pangandaran,3,laki-laki,dokter gigi,puskesmas,2019
281,Kabupaten Pangandaran,0,laki-laki,dokter gigi spesialis,puskesmas,2019
282,Kabupaten Pangandaran,6,perempuan,dokter gigi,puskesmas,2019
283,Kabupaten Pangandaran,0,perempuan,dokter gigi spesialis,puskesmas,2019
284,Kabupaten Purwakarta,4,laki-laki,dokter gigi,puskesmas,2019
285,Kabupaten Purwakarta,0,laki-laki,dokter gigi spesialis,puskesmas,2019
286,Kabupaten Purwakarta,15,perempuan,dokter gigi,puskesmas,2019
287,Kabupaten Purwakarta,0,perempuan,dokter gigi spesialis,puskesmas,2019
288,Kabupaten Subang,1,laki-laki,dokter gigi,puskesmas,2019
289,Kabupaten Subang,0,laki-laki,dokter gigi spesialis,puskesmas,2019
290,Kabupaten Subang,18,perempuan,dokter gigi,puskesmas,2019
291,Kabupaten Subang,0,perempuan,dokter gigi spesialis,puskesmas,2019
292,Kabupaten Sukabumi,8,laki-laki,dokter gigi,puskesmas,2019
293,Kabupaten Sukabumi,0,laki-laki,dokter gigi spesialis,puskesmas,2019
294,Kabupaten Sukabumi,13,perempuan,dokter gigi,puskesmas,2019
295,Kabupaten Sukabumi,0,perempuan,dokter gigi spesialis,puskesmas,2019
296,Kabupaten Sumedang,4,laki-laki,dokter gigi,puskesmas,2019
297,Kabupaten Sumedang,0,laki-laki,dokter gigi spesialis,puskesmas,2019
298,Kabupaten Sumedang,9,perempuan,dokter gigi,puskesmas,2019
299,Kabupaten Sumedang,0,perempuan,dokter gigi spesialis,puskesmas,2019
300,Kabupaten Tasikmalaya,7,laki-laki,dokter gigi,puskesmas,2019
301,Kabupaten Tasikmalaya,0,laki-laki,dokter gigi spesialis,puskesmas,2019
302,Kabupaten Tasikmalaya,16,perempuan,dokter gigi,puskesmas,2019
303,Kabupaten Tasikmalaya,0,perempuan,dokter gigi spesialis,puskesmas,2019
304,Kota Bandung,13,laki-laki,dokter gigi,puskesmas,2019
305,Kota Bandung,0,laki-laki,dokter gigi spesialis,puskesmas,2019
306,Kota Bandung,94,perempuan,dokter gigi,puskesmas,2019
307,Kota Bandung,0,perempuan,dokter gigi spesialis,puskesmas,2019
308,Kota Banjar,1,laki-laki,dokter gigi,puskesmas,2019
309,Kota Banjar,0,laki-laki,dokter gigi spesialis,puskesmas,2019
310,Kota Banjar,3,perempuan,dokter gigi,puskesmas,2019
311,Kota Banjar,0,perempuan,dokter gigi spesialis,puskesmas,2019
312,Kota Bekasi,3,laki-laki,dokter gigi,puskesmas,2019
313,Kota Bekasi,0,laki-laki,dokter gigi spesialis,puskesmas,2019
314,Kota Bekasi,70,perempuan,dokter gigi,puskesmas,2019
315,Kota Bekasi,0,perempuan,dokter gigi spesialis,puskesmas,2019
316,Kota Bogor,2,laki-laki,dokter gigi,puskesmas,2019
317,Kota Bogor,0,laki-laki,dokter gigi spesialis,puskesmas,2019
318,Kota Bogor,41,perempuan,dokter gigi,puskesmas,2019
319,Kota Bogor,0,perempuan,dokter gigi spesialis,puskesmas,2019
320,Kota Cimahi,0,laki-laki,dokter gigi,puskesmas,2019
321,Kota Cimahi,0,laki-laki,dokter gigi spesialis,puskesmas,2019
322,Kota Cimahi,16,perempuan,dokter gigi,puskesmas,2019
323,Kota Cimahi,0,perempuan,dokter gigi spesialis,puskesmas,2019
324,Kota Cirebon,3,laki-laki,dokter gigi,puskesmas,2019
325,Kota Cirebon,0,laki-laki,dokter gigi spesialis,puskesmas,2019
326,Kota Cirebon,18,perempuan,dokter gigi,puskesmas,2019
327,Kota Cirebon,0,perempuan,dokter gigi spesialis,puskesmas,2019
328,Kota Depok,1,laki-laki,dokter gigi,puskesmas,2019
329,Kota Depok,0,laki-laki,dokter gigi spesialis,puskesmas,2019
330,Kota Depok,50,perempuan,dokter gigi,puskesmas,2019
331,Kota Depok,0,perempuan,dokter gigi spesialis,puskesmas,2019
332,Kota Sukabumi,4,laki-laki,dokter gigi,puskesmas,2019
333,Kota Sukabumi,0,laki-laki,dokter gigi spesialis,puskesmas,2019
334,Kota Sukabumi,5,perempuan,dokter gigi,puskesmas,2019
335,Kota Sukabumi,0,perempuan,dokter gigi spesialis,puskesmas,2019
336,Kota Tasikmalaya,5,laki-laki,dokter gigi,puskesmas,2019
337,Kota Tasikmalaya,0,laki-laki,dokter gigi spesialis,puskesmas,2019
338,Kota Tasikmalaya,17,perempuan,dokter gigi,puskesmas,2019
339,Kota Tasikmalaya,0,perempuan,dokter gigi spesialis,puskesmas,2019
340,Kabupaten Bandung,3,laki-laki,dokter gigi,rumah sakit,2019
341,Kabupaten Bandung,2,laki-laki,dokter gigi spesialis,rumah sakit,2019
342,Kabupaten Bandung,9,perempuan,dokter gigi,rumah sakit,2019
343,Kabupaten Bandung,5,perempuan,dokter gigi spesialis,rumah sakit,2019
344,Kabupaten Bandung Barat,6,laki-laki,dokter gigi,rumah sakit,2019
345,Kabupaten Bandung Barat,2,laki-laki,dokter gigi spesialis,rumah sakit,2019
346,Kabupaten Bandung Barat,13,perempuan,dokter gigi,rumah sakit,2019
347,Kabupaten Bandung Barat,1,perempuan,dokter gigi spesialis,rumah sakit,2019
348,Kabupaten Bekasi,3,laki-laki,dokter gigi,rumah sakit,2019
349,Kabupaten Bekasi,1,laki-laki,dokter gigi spesialis,rumah sakit,2019
350,Kabupaten Bekasi,28,perempuan,dokter gigi,rumah sakit,2019
351,Kabupaten Bekasi,1,perempuan,dokter gigi spesialis,rumah sakit,2019
352,Kabupaten Bogor,4,laki-laki,dokter gigi,rumah sakit,2019
353,Kabupaten Bogor,5,laki-laki,dokter gigi spesialis,rumah sakit,2019
354,Kabupaten Bogor,13,perempuan,dokter gigi,rumah sakit,2019
355,Kabupaten Bogor,10,perempuan,dokter gigi spesialis,rumah sakit,2019
356,Kabupaten Ciamis,2,laki-laki,dokter gigi,rumah sakit,2019
357,Kabupaten Ciamis,0,laki-laki,dokter gigi spesialis,rumah sakit,2019
358,Kabupaten Ciamis,4,perempuan,dokter gigi,rumah sakit,2019
359,Kabupaten Ciamis,2,perempuan,dokter gigi spesialis,rumah sakit,2019
360,Kabupaten Cianjur,2,laki-laki,dokter gigi,rumah sakit,2019
361,Kabupaten Cianjur,1,laki-laki,dokter gigi spesialis,rumah sakit,2019
362,Kabupaten Cianjur,7,perempuan,dokter gigi,rumah sakit,2019
363,Kabupaten Cianjur,3,perempuan,dokter gigi spesialis,rumah sakit,2019
364,Kabupaten Cirebon,2,laki-laki,dokter gigi,rumah sakit,2019
365,Kabupaten Cirebon,1,laki-laki,dokter gigi spesialis,rumah sakit,2019
366,Kabupaten Cirebon,5,perempuan,dokter gigi,rumah sakit,2019
367,Kabupaten Cirebon,3,perempuan,dokter gigi spesialis,rumah sakit,2019
368,Kabupaten Garut,0,laki-laki,dokter gigi,rumah sakit,2019
369,Kabupaten Garut,0,laki-laki,dokter gigi spesialis,rumah sakit,2019
370,Kabupaten Garut,3,perempuan,dokter gigi,rumah sakit,2019
371,Kabupaten Garut,2,perempuan,dokter gigi spesialis,rumah sakit,2019
372,Kabupaten Indramayu,1,laki-laki,dokter gigi,rumah sakit,2019
373,Kabupaten Indramayu,1,laki-laki,dokter gigi spesialis,rumah sakit,2019
374,Kabupaten Indramayu,6,perempuan,dokter gigi,rumah sakit,2019
375,Kabupaten Indramayu,2,perempuan,dokter gigi spesialis,rumah sakit,2019
376,Kabupaten Karawang,11,laki-laki,dokter gigi,rumah sakit,2019
377,Kabupaten Karawang,6,laki-laki,dokter gigi spesialis,rumah sakit,2019
378,Kabupaten Karawang,17,perempuan,dokter gigi,rumah sakit,2019
379,Kabupaten Karawang,5,perempuan,dokter gigi spesialis,rumah sakit,2019
380,Kabupaten Kuningan,4,laki-laki,dokter gigi,rumah sakit,2019
381,Kabupaten Kuningan,0,laki-laki,dokter gigi spesialis,rumah sakit,2019
382,Kabupaten Kuningan,7,perempuan,dokter gigi,rumah sakit,2019
383,Kabupaten Kuningan,1,perempuan,dokter gigi spesialis,rumah sakit,2019
384,Kabupaten Majalengka,1,laki-laki,dokter gigi,rumah sakit,2019
385,Kabupaten Majalengka,0,laki-laki,dokter gigi spesialis,rumah sakit,2019
386,Kabupaten Majalengka,6,perempuan,dokter gigi,rumah sakit,2019
387,Kabupaten Majalengka,0,perempuan,dokter gigi spesialis,rumah sakit,2019
388,Kabupaten Purwakarta,1,laki-laki,dokter gigi,rumah sakit,2019
389,Kabupaten Purwakarta,1,laki-laki,dokter gigi spesialis,rumah sakit,2019
390,Kabupaten Purwakarta,1,perempuan,dokter gigi,rumah sakit,2019
391,Kabupaten Purwakarta,0,perempuan,dokter gigi spesialis,rumah sakit,2019
392,Kabupaten Subang,3,laki-laki,dokter gigi,rumah sakit,2019
393,Kabupaten Subang,1,laki-laki,dokter gigi spesialis,rumah sakit,2019
394,Kabupaten Subang,6,perempuan,dokter gigi,rumah sakit,2019
395,Kabupaten Subang,0,perempuan,dokter gigi spesialis,rumah sakit,2019
396,Kabupaten Sukabumi,6,laki-laki,dokter gigi,rumah sakit,2019
397,Kabupaten Sukabumi,3,laki-laki,dokter gigi spesialis,rumah sakit,2019
398,Kabupaten Sukabumi,13,perempuan,dokter gigi,rumah sakit,2019
399,Kabupaten Sukabumi,1,perempuan,dokter gigi spesialis,rumah sakit,2019
400,Kabupaten Sumedang,0,laki-laki,dokter gigi,rumah sakit,2019
401,Kabupaten Sumedang,0,laki-laki,dokter gigi spesialis,rumah sakit,2019
402,Kabupaten Sumedang,2,perempuan,dokter gigi,rumah sakit,2019
403,Kabupaten Sumedang,0,perempuan,dokter gigi spesialis,rumah sakit,2019
404,Kabupaten Tasikmalaya,2,laki-laki,dokter gigi,rumah sakit,2019
405,Kabupaten Tasikmalaya,0,laki-laki,dokter gigi spesialis,rumah sakit,2019
406,Kabupaten Tasikmalaya,1,perempuan,dokter gigi,rumah sakit,2019
407,Kabupaten Tasikmalaya,0,perempuan,dokter gigi spesialis,rumah sakit,2019
408,Kota Bandung,14,laki-laki,dokter gigi,rumah sakit,2019
409,Kota Bandung,16,laki-laki,dokter gigi spesialis,rumah sakit,2019
410,Kota Bandung,55,perempuan,dokter gigi,rumah sakit,2019
411,Kota Bandung,27,perempuan,dokter gigi spesialis,rumah sakit,2019
412,Kota Banjar,1,laki-laki,dokter gigi,rumah sakit,2019
413,Kota Banjar,0,laki-laki,dokter gigi spesialis,rumah sakit,2019
414,Kota Banjar,0,perempuan,dokter gigi,rumah sakit,2019
415,Kota Banjar,0,perempuan,dokter gigi spesialis,rumah sakit,2019
416,Kota Bekasi,7,laki-laki,dokter gigi,rumah sakit,2019
417,Kota Bekasi,8,laki-laki,dokter gigi spesialis,rumah sakit,2019
418,Kota Bekasi,44,perempuan,dokter gigi,rumah sakit,2019
419,Kota Bekasi,9,perempuan,dokter gigi spesialis,rumah sakit,2019
420,Kota Bogor,8,laki-laki,dokter gigi,rumah sakit,2019
421,Kota Bogor,11,laki-laki,dokter gigi spesialis,rumah sakit,2019
422,Kota Bogor,54,perempuan,dokter gigi,rumah sakit,2019
423,Kota Bogor,18,perempuan,dokter gigi spesialis,rumah sakit,2019
424,Kota Cimahi,0,laki-laki,dokter gigi,rumah sakit,2019
425,Kota Cimahi,3,laki-laki,dokter gigi spesialis,rumah sakit,2019
426,Kota Cimahi,9,perempuan,dokter gigi,rumah sakit,2019
427,Kota Cimahi,2,perempuan,dokter gigi spesialis,rumah sakit,2019
428,Kota Cirebon,4,laki-laki,dokter gigi,rumah sakit,2019
429,Kota Cirebon,6,laki-laki,dokter gigi spesialis,rumah sakit,2019
430,Kota Cirebon,13,perempuan,dokter gigi,rumah sakit,2019
431,Kota Cirebon,6,perempuan,dokter gigi spesialis,rumah sakit,2019
432,Kota Depok,5,laki-laki,dokter gigi,rumah sakit,2019
433,Kota Depok,6,laki-laki,dokter gigi spesialis,rumah sakit,2019
434,Kota Depok,41,perempuan,dokter gigi,rumah sakit,2019
435,Kota Depok,29,perempuan,dokter gigi spesialis,rumah sakit,2019
436,Kota Sukabumi,3,laki-laki,dokter gigi,rumah sakit,2019
437,Kota Sukabumi,1,laki-laki,dokter gigi spesialis,rumah sakit,2019
438,Kota Sukabumi,12,perempuan,dokter gigi,rumah sakit,2019
439,Kota Sukabumi,0,perempuan,dokter gigi spesialis,rumah sakit,2019
440,Kota Tasikmalaya,3,laki-laki,dokter gigi,rumah sakit,2019
441,Kota Tasikmalaya,2,laki-laki,dokter gigi spesialis,rumah sakit,2019
442,Kota Tasikmalaya,1,perempuan,dokter gigi,rumah sakit,2019
443,Kota Tasikmalaya,5,perempuan,dokter gigi spesialis,rumah sakit,2019
444,Kabupaten Bogor,0,laki-laki,dokter gigi,klinik diklat kesehatan,2019
445,Kabupaten Bogor,0,laki-laki,dokter gigi spesialis,klinik diklat kesehatan,2019
446,Kabupaten Bogor,1,perempuan,dokter gigi,klinik diklat kesehatan,2019
447,Kabupaten Bogor,0,perempuan,dokter gigi spesialis,klinik diklat kesehatan,2019
448,Kabupaten Garut,1,laki-laki,dokter gigi,klinik diklat kesehatan,2019
449,Kabupaten Garut,0,laki-laki,dokter gigi spesialis,klinik diklat kesehatan,2019
450,Kabupaten Garut,0,perempuan,dokter gigi,klinik diklat kesehatan,2019
451,Kabupaten Garut,0,perempuan,dokter gigi spesialis,klinik diklat kesehatan,2019
452,Kabupaten Bandung,16,laki-laki,dokter gigi,puskesmas,2020
453,Kabupaten Bandung,0,laki-laki,dokter gigi spesialis,puskesmas,2020
454,Kabupaten Bandung,62,perempuan,dokter gigi,puskesmas,2020
455,Kabupaten Bandung,0,perempuan,dokter gigi spesialis,puskesmas,2020
456,Kabupaten Bandung Barat,7,laki-laki,dokter gigi,puskesmas,2020
457,Kabupaten Bandung Barat,0,laki-laki,dokter gigi spesialis,puskesmas,2020
458,Kabupaten Bandung Barat,26,perempuan,dokter gigi,puskesmas,2020
459,Kabupaten Bandung Barat,0,perempuan,dokter gigi spesialis,puskesmas,2020
460,Kabupaten Bekasi,4,laki-laki,dokter gigi,puskesmas,2020
461,Kabupaten Bekasi,0,laki-laki,dokter gigi spesialis,puskesmas,2020
462,Kabupaten Bekasi,44,perempuan,dokter gigi,puskesmas,2020
463,Kabupaten Bekasi,0,perempuan,dokter gigi spesialis,puskesmas,2020
464,Kabupaten Bogor,5,laki-laki,dokter gigi,puskesmas,2020
465,Kabupaten Bogor,0,laki-laki,dokter gigi spesialis,puskesmas,2020
466,Kabupaten Bogor,56,perempuan,dokter gigi,puskesmas,2020
467,Kabupaten Bogor,0,perempuan,dokter gigi spesialis,puskesmas,2020
468,Kabupaten Ciamis,3,laki-laki,dokter gigi,puskesmas,2020
469,Kabupaten Ciamis,0,laki-laki,dokter gigi spesialis,puskesmas,2020
470,Kabupaten Ciamis,13,perempuan,dokter gigi,puskesmas,2020
471,Kabupaten Ciamis,0,perempuan,dokter gigi spesialis,puskesmas,2020
472,Kabupaten Cianjur,15,laki-laki,dokter gigi,puskesmas,2020
473,Kabupaten Cianjur,0,laki-laki,dokter gigi spesialis,puskesmas,2020
474,Kabupaten Cianjur,51,perempuan,dokter gigi,puskesmas,2020
475,Kabupaten Cianjur,0,perempuan,dokter gigi spesialis,puskesmas,2020
476,Kabupaten Cirebon,9,laki-laki,dokter gigi,puskesmas,2020
477,Kabupaten Cirebon,0,laki-laki,dokter gigi spesialis,puskesmas,2020
478,Kabupaten Cirebon,31,perempuan,dokter gigi,puskesmas,2020
479,Kabupaten Cirebon,0,perempuan,dokter gigi spesialis,puskesmas,2020
480,Kabupaten Garut,7,laki-laki,dokter gigi,puskesmas,2020
481,Kabupaten Garut,0,laki-laki,dokter gigi spesialis,puskesmas,2020
482,Kabupaten Garut,16,perempuan,dokter gigi,puskesmas,2020
483,Kabupaten Garut,0,perempuan,dokter gigi spesialis,puskesmas,2020
484,Kabupaten Indramayu,4,laki-laki,dokter gigi,puskesmas,2020
485,Kabupaten Indramayu,0,laki-laki,dokter gigi spesialis,puskesmas,2020
486,Kabupaten Indramayu,25,perempuan,dokter gigi,puskesmas,2020
487,Kabupaten Indramayu,0,perempuan,dokter gigi spesialis,puskesmas,2020
488,Kabupaten Karawang,7,laki-laki,dokter gigi,puskesmas,2020
489,Kabupaten Karawang,0,laki-laki,dokter gigi spesialis,puskesmas,2020
490,Kabupaten Karawang,31,perempuan,dokter gigi,puskesmas,2020
491,Kabupaten Karawang,0,perempuan,dokter gigi spesialis,puskesmas,2020
492,Kabupaten Kuningan,5,laki-laki,dokter gigi,puskesmas,2020
493,Kabupaten Kuningan,0,laki-laki,dokter gigi spesialis,puskesmas,2020
494,Kabupaten Kuningan,11,perempuan,dokter gigi,puskesmas,2020
495,Kabupaten Kuningan,0,perempuan,dokter gigi spesialis,puskesmas,2020
496,Kabupaten Majalengka,3,laki-laki,dokter gigi,puskesmas,2020
497,Kabupaten Majalengka,0,laki-laki,dokter gigi spesialis,puskesmas,2020
498,Kabupaten Majalengka,11,perempuan,dokter gigi,puskesmas,2020
499,Kabupaten Majalengka,0,perempuan,dokter gigi spesialis,puskesmas,2020
500,Kabupaten Pangandaran,6,laki-laki,dokter gigi,puskesmas,2020
501,Kabupaten Pangandaran,0,laki-laki,dokter gigi spesialis,puskesmas,2020
502,Kabupaten Pangandaran,5,perempuan,dokter gigi,puskesmas,2020
503,Kabupaten Pangandaran,0,perempuan,dokter gigi spesialis,puskesmas,2020
504,Kabupaten Purwakarta,2,laki-laki,dokter gigi,puskesmas,2020
505,Kabupaten Purwakarta,0,laki-laki,dokter gigi spesialis,puskesmas,2020
506,Kabupaten Purwakarta,18,perempuan,dokter gigi,puskesmas,2020
507,Kabupaten Purwakarta,0,perempuan,dokter gigi spesialis,puskesmas,2020
508,Kabupaten Subang,1,laki-laki,dokter gigi,puskesmas,2020
509,Kabupaten Subang,0,laki-laki,dokter gigi spesialis,puskesmas,2020
510,Kabupaten Subang,18,perempuan,dokter gigi,puskesmas,2020
511,Kabupaten Subang,0,perempuan,dokter gigi spesialis,puskesmas,2020
512,Kabupaten Sukabumi,9,laki-laki,dokter gigi,puskesmas,2020
513,Kabupaten Sukabumi,0,laki-laki,dokter gigi spesialis,puskesmas,2020
514,Kabupaten Sukabumi,14,perempuan,dokter gigi,puskesmas,2020
515,Kabupaten Sukabumi,0,perempuan,dokter gigi spesialis,puskesmas,2020
516,Kabupaten Sumedang,4,laki-laki,dokter gigi,puskesmas,2020
517,Kabupaten Sumedang,0,laki-laki,dokter gigi spesialis,puskesmas,2020
518,Kabupaten Sumedang,9,perempuan,dokter gigi,puskesmas,2020
519,Kabupaten Sumedang,0,perempuan,dokter gigi spesialis,puskesmas,2020
520,Kabupaten Tasikmalaya,9,laki-laki,dokter gigi,puskesmas,2020
521,Kabupaten Tasikmalaya,0,laki-laki,dokter gigi spesialis,puskesmas,2020
522,Kabupaten Tasikmalaya,15,perempuan,dokter gigi,puskesmas,2020
523,Kabupaten Tasikmalaya,0,perempuan,dokter gigi spesialis,puskesmas,2020
524,Kota Bandung,14,laki-laki,dokter gigi,puskesmas,2020
525,Kota Bandung,0,laki-laki,dokter gigi spesialis,puskesmas,2020
526,Kota Bandung,84,perempuan,dokter gigi,puskesmas,2020
527,Kota Bandung,0,perempuan,dokter gigi spesialis,puskesmas,2020
528,Kota Banjar,2,laki-laki,dokter gigi,puskesmas,2020
529,Kota Banjar,0,laki-laki,dokter gigi spesialis,puskesmas,2020
530,Kota Banjar,8,perempuan,dokter gigi,puskesmas,2020
531,Kota Banjar,0,perempuan,dokter gigi spesialis,puskesmas,2020
532,Kota Bekasi,2,laki-laki,dokter gigi,puskesmas,2020
533,Kota Bekasi,0,laki-laki,dokter gigi spesialis,puskesmas,2020
534,Kota Bekasi,80,perempuan,dokter gigi,puskesmas,2020
535,Kota Bekasi,0,perempuan,dokter gigi spesialis,puskesmas,2020
536,Kota Bogor,2,laki-laki,dokter gigi,puskesmas,2020
537,Kota Bogor,0,laki-laki,dokter gigi spesialis,puskesmas,2020
538,Kota Bogor,40,perempuan,dokter gigi,puskesmas,2020
539,Kota Bogor,0,perempuan,dokter gigi spesialis,puskesmas,2020
540,Kota Cimahi,0,laki-laki,dokter gigi,puskesmas,2020
541,Kota Cimahi,0,laki-laki,dokter gigi spesialis,puskesmas,2020
542,Kota Cimahi,19,perempuan,dokter gigi,puskesmas,2020
543,Kota Cimahi,0,perempuan,dokter gigi spesialis,puskesmas,2020
544,Kota Cirebon,8,laki-laki,dokter gigi,puskesmas,2020
545,Kota Cirebon,0,laki-laki,dokter gigi spesialis,puskesmas,2020
546,Kota Cirebon,35,perempuan,dokter gigi,puskesmas,2020
547,Kota Cirebon,0,perempuan,dokter gigi spesialis,puskesmas,2020
548,Kota Depok,1,laki-laki,dokter gigi,puskesmas,2020
549,Kota Depok,1,laki-laki,dokter gigi spesialis,puskesmas,2020
550,Kota Depok,47,perempuan,dokter gigi,puskesmas,2020
551,Kota Depok,1,perempuan,dokter gigi spesialis,puskesmas,2020
552,Kota Sukabumi,4,laki-laki,dokter gigi,puskesmas,2020
553,Kota Sukabumi,0,laki-laki,dokter gigi spesialis,puskesmas,2020
554,Kota Sukabumi,8,perempuan,dokter gigi,puskesmas,2020
555,Kota Sukabumi,0,perempuan,dokter gigi spesialis,puskesmas,2020
556,Kota Tasikmalaya,5,laki-laki,dokter gigi,puskesmas,2020
557,Kota Tasikmalaya,0,laki-laki,dokter gigi spesialis,puskesmas,2020
558,Kota Tasikmalaya,17,perempuan,dokter gigi,puskesmas,2020
559,Kota Tasikmalaya,0,perempuan,dokter gigi spesialis,puskesmas,2020
560,Kabupaten Bandung,8,laki-laki,dokter gigi,rumah sakit,2020
561,Kabupaten Bandung,2,laki-laki,dokter gigi spesialis,rumah sakit,2020
562,Kabupaten Bandung,17,perempuan,dokter gigi,rumah sakit,2020
563,Kabupaten Bandung,9,perempuan,dokter gigi spesialis,rumah sakit,2020
564,Kabupaten Bandung Barat,5,laki-laki,dokter gigi,rumah sakit,2020
565,Kabupaten Bandung Barat,3,laki-laki,dokter gigi spesialis,rumah sakit,2020
566,Kabupaten Bandung Barat,10,perempuan,dokter gigi,rumah sakit,2020
567,Kabupaten Bandung Barat,1,perempuan,dokter gigi spesialis,rumah sakit,2020
568,Kabupaten Bekasi,27,laki-laki,dokter gigi,rumah sakit,2020
569,Kabupaten Bekasi,11,laki-laki,dokter gigi spesialis,rumah sakit,2020
570,Kabupaten Bekasi,95,perempuan,dokter gigi,rumah sakit,2020
571,Kabupaten Bekasi,28,perempuan,dokter gigi spesialis,rumah sakit,2020
572,Kabupaten Bogor,23,laki-laki,dokter gigi,rumah sakit,2020
573,Kabupaten Bogor,16,laki-laki,dokter gigi spesialis,rumah sakit,2020
574,Kabupaten Bogor,59,perempuan,dokter gigi,rumah sakit,2020
575,Kabupaten Bogor,37,perempuan,dokter gigi spesialis,rumah sakit,2020
576,Kabupaten Ciamis,2,laki-laki,dokter gigi,rumah sakit,2020
577,Kabupaten Ciamis,0,laki-laki,dokter gigi spesialis,rumah sakit,2020
578,Kabupaten Ciamis,6,perempuan,dokter gigi,rumah sakit,2020
579,Kabupaten Ciamis,2,perempuan,dokter gigi spesialis,rumah sakit,2020
580,Kabupaten Cianjur,15,laki-laki,dokter gigi,rumah sakit,2020
581,Kabupaten Cianjur,1,laki-laki,dokter gigi spesialis,rumah sakit,2020
582,Kabupaten Cianjur,51,perempuan,dokter gigi,rumah sakit,2020
583,Kabupaten Cianjur,2,perempuan,dokter gigi spesialis,rumah sakit,2020
584,Kabupaten Cirebon,3,laki-laki,dokter gigi,rumah sakit,2020
585,Kabupaten Cirebon,6,laki-laki,dokter gigi spesialis,rumah sakit,2020
586,Kabupaten Cirebon,18,perempuan,dokter gigi,rumah sakit,2020
587,Kabupaten Cirebon,7,perempuan,dokter gigi spesialis,rumah sakit,2020
588,Kabupaten Garut,1,laki-laki,dokter gigi,rumah sakit,2020
589,Kabupaten Garut,0,laki-laki,dokter gigi spesialis,rumah sakit,2020
590,Kabupaten Garut,4,perempuan,dokter gigi,rumah sakit,2020
591,Kabupaten Garut,2,perempuan,dokter gigi spesialis,rumah sakit,2020
592,Kabupaten Indramayu,3,laki-laki,dokter gigi,rumah sakit,2020
593,Kabupaten Indramayu,1,laki-laki,dokter gigi spesialis,rumah sakit,2020
594,Kabupaten Indramayu,11,perempuan,dokter gigi,rumah sakit,2020
595,Kabupaten Indramayu,4,perempuan,dokter gigi spesialis,rumah sakit,2020
596,Kabupaten Karawang,15,laki-laki,dokter gigi,rumah sakit,2020
597,Kabupaten Karawang,12,laki-laki,dokter gigi spesialis,rumah sakit,2020
598,Kabupaten Karawang,31,perempuan,dokter gigi,rumah sakit,2020
599,Kabupaten Karawang,8,perempuan,dokter gigi spesialis,rumah sakit,2020
600,Kabupaten Kuningan,7,laki-laki,dokter gigi,rumah sakit,2020
601,Kabupaten Kuningan,0,laki-laki,dokter gigi spesialis,rumah sakit,2020
602,Kabupaten Kuningan,12,perempuan,dokter gigi,rumah sakit,2020
603,Kabupaten Kuningan,1,perempuan,dokter gigi spesialis,rumah sakit,2020
604,Kabupaten Majalengka,1,laki-laki,dokter gigi,rumah sakit,2020
605,Kabupaten Majalengka,1,laki-laki,dokter gigi spesialis,rumah sakit,2020
606,Kabupaten Majalengka,5,perempuan,dokter gigi,rumah sakit,2020
607,Kabupaten Majalengka,0,perempuan,dokter gigi spesialis,rumah sakit,2020
608,Kabupaten Pangandaran,1,laki-laki,dokter gigi,rumah sakit,2020
609,Kabupaten Pangandaran,1,laki-laki,dokter gigi spesialis,rumah sakit,2020
610,Kabupaten Pangandaran,0,perempuan,dokter gigi,rumah sakit,2020
611,Kabupaten Pangandaran,1,perempuan,dokter gigi spesialis,rumah sakit,2020
612,Kabupaten Purwakarta,2,laki-laki,dokter gigi,rumah sakit,2020
613,Kabupaten Purwakarta,2,laki-laki,dokter gigi spesialis,rumah sakit,2020
614,Kabupaten Purwakarta,14,perempuan,dokter gigi,rumah sakit,2020
615,Kabupaten Purwakarta,2,perempuan,dokter gigi spesialis,rumah sakit,2020
616,Kabupaten Subang,5,laki-laki,dokter gigi,rumah sakit,2020
617,Kabupaten Subang,1,laki-laki,dokter gigi spesialis,rumah sakit,2020
618,Kabupaten Subang,4,perempuan,dokter gigi,rumah sakit,2020
619,Kabupaten Subang,0,perempuan,dokter gigi spesialis,rumah sakit,2020
620,Kabupaten Sukabumi,4,laki-laki,dokter gigi,rumah sakit,2020
621,Kabupaten Sukabumi,5,laki-laki,dokter gigi spesialis,rumah sakit,2020
622,Kabupaten Sukabumi,15,perempuan,dokter gigi,rumah sakit,2020
623,Kabupaten Sukabumi,1,perempuan,dokter gigi spesialis,rumah sakit,2020
624,Kabupaten Sumedang,2,laki-laki,dokter gigi,rumah sakit,2020
625,Kabupaten Sumedang,1,laki-laki,dokter gigi spesialis,rumah sakit,2020
626,Kabupaten Sumedang,2,perempuan,dokter gigi,rumah sakit,2020
627,Kabupaten Sumedang,0,perempuan,dokter gigi spesialis,rumah sakit,2020
628,Kabupaten Tasikmalaya,0,laki-laki,dokter gigi,rumah sakit,2020
629,Kabupaten Tasikmalaya,0,laki-laki,dokter gigi spesialis,rumah sakit,2020
630,Kabupaten Tasikmalaya,1,perempuan,dokter gigi,rumah sakit,2020
631,Kabupaten Tasikmalaya,0,perempuan,dokter gigi spesialis,rumah sakit,2020
632,Kota Bandung,0,laki-laki,dokter gigi,rumah sakit,2020
633,Kota Bandung,0,laki-laki,dokter gigi spesialis,rumah sakit,2020
634,Kota Bandung,0,perempuan,dokter gigi,rumah sakit,2020
635,Kota Bandung,0,perempuan,dokter gigi spesialis,rumah sakit,2020
636,Kota Banjar,1,laki-laki,dokter gigi,rumah sakit,2020
637,Kota Banjar,0,laki-laki,dokter gigi spesialis,rumah sakit,2020
638,Kota Banjar,2,perempuan,dokter gigi,rumah sakit,2020
639,Kota Banjar,1,perempuan,dokter gigi spesialis,rumah sakit,2020
640,Kota Bekasi,18,laki-laki,dokter gigi,rumah sakit,2020
641,Kota Bekasi,8,laki-laki,dokter gigi spesialis,rumah sakit,2020
642,Kota Bekasi,72,perempuan,dokter gigi,rumah sakit,2020
643,Kota Bekasi,36,perempuan,dokter gigi spesialis,rumah sakit,2020
644,Kota Bogor,12,laki-laki,dokter gigi,rumah sakit,2020
645,Kota Bogor,24,laki-laki,dokter gigi spesialis,rumah sakit,2020
646,Kota Bogor,60,perempuan,dokter gigi,rumah sakit,2020
647,Kota Bogor,35,perempuan,dokter gigi spesialis,rumah sakit,2020
648,Kota Cimahi,3,laki-laki,dokter gigi,rumah sakit,2020
649,Kota Cimahi,10,laki-laki,dokter gigi spesialis,rumah sakit,2020
650,Kota Cimahi,23,perempuan,dokter gigi,rumah sakit,2020
651,Kota Cimahi,20,perempuan,dokter gigi spesialis,rumah sakit,2020
652,Kota Cirebon,6,laki-laki,dokter gigi,rumah sakit,2020
653,Kota Cirebon,9,laki-laki,dokter gigi spesialis,rumah sakit,2020
654,Kota Cirebon,14,perempuan,dokter gigi,rumah sakit,2020
655,Kota Cirebon,7,perempuan,dokter gigi spesialis,rumah sakit,2020
656,Kota Depok,22,laki-laki,dokter gigi,rumah sakit,2020
657,Kota Depok,36,laki-laki,dokter gigi spesialis,rumah sakit,2020
658,Kota Depok,73,perempuan,dokter gigi,rumah sakit,2020
659,Kota Depok,82,perempuan,dokter gigi spesialis,rumah sakit,2020
660,Kota Sukabumi,2,laki-laki,dokter gigi,rumah sakit,2020
661,Kota Sukabumi,1,laki-laki,dokter gigi spesialis,rumah sakit,2020
662,Kota Sukabumi,12,perempuan,dokter gigi,rumah sakit,2020
663,Kota Sukabumi,1,perempuan,dokter gigi spesialis,rumah sakit,2020
664,Kota Tasikmalaya,5,laki-laki,dokter gigi,rumah sakit,2020
665,Kota Tasikmalaya,2,laki-laki,dokter gigi spesialis,rumah sakit,2020
666,Kota Tasikmalaya,8,perempuan,dokter gigi,rumah sakit,2020
667,Kota Tasikmalaya,3,perempuan,dokter gigi spesialis,rumah sakit,2020
668,Kabupaten Bekasi,31,laki-laki,dokter gigi,klinik diklat kesehatan,2020
669,Kabupaten Bekasi,11,laki-laki,dokter gigi spesialis,klinik diklat kesehatan,2020
670,Kabupaten Bekasi,139,perempuan,dokter gigi,klinik diklat kesehatan,2020
671,Kabupaten Bekasi,28,perempuan,dokter gigi spesialis,klinik diklat kesehatan,2020
672,Kota Cimahi,16,laki-laki,dokter gigi,klinik diklat kesehatan,2020
673,Kota Cimahi,1,laki-laki,dokter gigi spesialis,klinik diklat kesehatan,2020
674,Kota Cimahi,21,perempuan,dokter gigi,klinik diklat kesehatan,2020
675,Kota Cimahi,0,perempuan,dokter gigi spesialis,klinik diklat kesehatan,2020
676,Kota Sukabumi,3,laki-laki,dokter gigi,klinik diklat kesehatan,2020
677,Kota Sukabumi,0,laki-laki,dokter gigi spesialis,klinik diklat kesehatan,2020
678,Kota Sukabumi,14,perempuan,dokter gigi,klinik diklat kesehatan,2020
679,Kota Sukabumi,0,perempuan,dokter gigi spesialis,klinik diklat kesehatan,2020
680,Kota Bandung,4,laki-laki,dokter gigi,klinik DINKES,2020
681,Kota Bandung,0,laki-laki,dokter gigi spesialis,klinik DINKES,2020
682,Kota Bandung,16,perempuan,dokter gigi,klinik DINKES,2020
683,Kota Bandung,0,perempuan,dokter gigi spesialis,klinik DINKES,2020
684,Kota Sukabumi,3,laki-laki,dokter gigi,klinik DINKES,2020
685,Kota Sukabumi,0,laki-laki,dokter gigi spesialis,klinik DINKES,2020
686,Kota Sukabumi,14,perempuan,dokter gigi,klinik DINKES,2020
687,Kota Sukabumi,0,perempuan,dokter gigi spesialis,klinik DINKES,2020
688,Kota Tasikmalaya,24,laki-laki,dokter gigi,klinik DINKES,2020
689,Kota Tasikmalaya,18,laki-laki,dokter gigi spesialis,klinik DINKES,2020
690,Kota Tasikmalaya,44,perempuan,dokter gigi,klinik DINKES,2020
691,Kota Tasikmalaya,20,perempuan,dokter gigi spesialis,klinik DINKES,2020
692,Kabupaten Bandung,11,laki-laki,dokter gigi,puskesmas,2021
693,Kabupaten Bandung,0,laki-laki,dokter gigi spesialis,puskesmas,2021
694,Kabupaten Bandung,62,perempuan,dokter gigi,puskesmas,2021
695,Kabupaten Bandung,0,perempuan,dokter gigi spesialis,puskesmas,2021
696,Kabupaten Bandung Barat,7,laki-laki,dokter gigi,puskesmas,2021
697,Kabupaten Bandung Barat,0,laki-laki,dokter gigi spesialis,puskesmas,2021
698,Kabupaten Bandung Barat,26,perempuan,dokter gigi,puskesmas,2021
699,Kabupaten Bandung Barat,0,perempuan,dokter gigi spesialis,puskesmas,2021
700,Kabupaten Bekasi,4,laki-laki,dokter gigi,puskesmas,2021
701,Kabupaten Bekasi,0,laki-laki,dokter gigi spesialis,puskesmas,2021
702,Kabupaten Bekasi,42,perempuan,dokter gigi,puskesmas,2021
703,Kabupaten Bekasi,0,perempuan,dokter gigi spesialis,puskesmas,2021
704,Kabupaten Bogor,6,laki-laki,dokter gigi,puskesmas,2021
705,Kabupaten Bogor,0,laki-laki,dokter gigi spesialis,puskesmas,2021
706,Kabupaten Bogor,62,perempuan,dokter gigi,puskesmas,2021
707,Kabupaten Bogor,0,perempuan,dokter gigi spesialis,puskesmas,2021
708,Kabupaten Ciamis,6,laki-laki,dokter gigi,puskesmas,2021
709,Kabupaten Ciamis,0,laki-laki,dokter gigi spesialis,puskesmas,2021
710,Kabupaten Ciamis,21,perempuan,dokter gigi,puskesmas,2021
711,Kabupaten Ciamis,0,perempuan,dokter gigi spesialis,puskesmas,2021
712,Kabupaten Cianjur,15,laki-laki,dokter gigi,puskesmas,2021
713,Kabupaten Cianjur,0,laki-laki,dokter gigi spesialis,puskesmas,2021
714,Kabupaten Cianjur,51,perempuan,dokter gigi,puskesmas,2021
715,Kabupaten Cianjur,0,perempuan,dokter gigi spesialis,puskesmas,2021
716,Kabupaten Cirebon,11,laki-laki,dokter gigi,puskesmas,2021
717,Kabupaten Cirebon,0,laki-laki,dokter gigi spesialis,puskesmas,2021
718,Kabupaten Cirebon,32,perempuan,dokter gigi,puskesmas,2021
719,Kabupaten Cirebon,0,perempuan,dokter gigi spesialis,puskesmas,2021
720,Kabupaten Garut,7,laki-laki,dokter gigi,puskesmas,2021
721,Kabupaten Garut,0,laki-laki,dokter gigi spesialis,puskesmas,2021
722,Kabupaten Garut,21,perempuan,dokter gigi,puskesmas,2021
723,Kabupaten Garut,0,perempuan,dokter gigi spesialis,puskesmas,2021
724,Kabupaten Indramayu,7,laki-laki,dokter gigi,puskesmas,2021
725,Kabupaten Indramayu,0,laki-laki,dokter gigi spesialis,puskesmas,2021
726,Kabupaten Indramayu,25,perempuan,dokter gigi,puskesmas,2021
727,Kabupaten Indramayu,0,perempuan,dokter gigi spesialis,puskesmas,2021
728,Kabupaten Karawang,8,laki-laki,dokter gigi,puskesmas,2021
729,Kabupaten Karawang,0,laki-laki,dokter gigi spesialis,puskesmas,2021
730,Kabupaten Karawang,30,perempuan,dokter gigi,puskesmas,2021
731,Kabupaten Karawang,0,perempuan,dokter gigi spesialis,puskesmas,2021
732,Kabupaten Kuningan,5,laki-laki,dokter gigi,puskesmas,2021
733,Kabupaten Kuningan,0,laki-laki,dokter gigi spesialis,puskesmas,2021
734,Kabupaten Kuningan,11,perempuan,dokter gigi,puskesmas,2021
735,Kabupaten Kuningan,0,perempuan,dokter gigi spesialis,puskesmas,2021
736,Kabupaten Majalengka,7,laki-laki,dokter gigi,puskesmas,2021
737,Kabupaten Majalengka,0,laki-laki,dokter gigi spesialis,puskesmas,2021
738,Kabupaten Majalengka,11,perempuan,dokter gigi,puskesmas,2021
739,Kabupaten Majalengka,0,perempuan,dokter gigi spesialis,puskesmas,2021
740,Kabupaten Pangandaran,6,laki-laki,dokter gigi,puskesmas,2021
741,Kabupaten Pangandaran,1,laki-laki,dokter gigi spesialis,puskesmas,2021
742,Kabupaten Pangandaran,6,perempuan,dokter gigi,puskesmas,2021
743,Kabupaten Pangandaran,1,perempuan,dokter gigi spesialis,puskesmas,2021
744,Kabupaten Purwakarta,4,laki-laki,dokter gigi,puskesmas,2021
745,Kabupaten Purwakarta,0,laki-laki,dokter gigi spesialis,puskesmas,2021
746,Kabupaten Purwakarta,13,perempuan,dokter gigi,puskesmas,2021
747,Kabupaten Purwakarta,0,perempuan,dokter gigi spesialis,puskesmas,2021
748,Kabupaten Subang,6,laki-laki,dokter gigi,puskesmas,2021
749,Kabupaten Subang,1,laki-laki,dokter gigi spesialis,puskesmas,2021
750,Kabupaten Subang,25,perempuan,dokter gigi,puskesmas,2021
751,Kabupaten Subang,0,perempuan,dokter gigi spesialis,puskesmas,2021
752,Kabupaten Sukabumi,10,laki-laki,dokter gigi,puskesmas,2021
753,Kabupaten Sukabumi,0,laki-laki,dokter gigi spesialis,puskesmas,2021
754,Kabupaten Sukabumi,19,perempuan,dokter gigi,puskesmas,2021
755,Kabupaten Sukabumi,0,perempuan,dokter gigi spesialis,puskesmas,2021
756,Kabupaten Sumedang,3,laki-laki,dokter gigi,puskesmas,2021
757,Kabupaten Sumedang,0,laki-laki,dokter gigi spesialis,puskesmas,2021
758,Kabupaten Sumedang,15,perempuan,dokter gigi,puskesmas,2021
759,Kabupaten Sumedang,0,perempuan,dokter gigi spesialis,puskesmas,2021
760,Kabupaten Tasikmalaya,6,laki-laki,dokter gigi,puskesmas,2021
761,Kabupaten Tasikmalaya,0,laki-laki,dokter gigi spesialis,puskesmas,2021
762,Kabupaten Tasikmalaya,15,perempuan,dokter gigi,puskesmas,2021
763,Kabupaten Tasikmalaya,0,perempuan,dokter gigi spesialis,puskesmas,2021
764,Kota Bandung,12,laki-laki,dokter gigi,puskesmas,2021
765,Kota Bandung,0,laki-laki,dokter gigi spesialis,puskesmas,2021
766,Kota Bandung,77,perempuan,dokter gigi,puskesmas,2021
767,Kota Bandung,0,perempuan,dokter gigi spesialis,puskesmas,2021
768,Kota Banjar,2,laki-laki,dokter gigi,puskesmas,2021
769,Kota Banjar,0,laki-laki,dokter gigi spesialis,puskesmas,2021
770,Kota Banjar,6,perempuan,dokter gigi,puskesmas,2021
771,Kota Banjar,0,perempuan,dokter gigi spesialis,puskesmas,2021
772,Kota Bekasi,7,laki-laki,dokter gigi,puskesmas,2021
773,Kota Bekasi,0,laki-laki,dokter gigi spesialis,puskesmas,2021
774,Kota Bekasi,78,perempuan,dokter gigi,puskesmas,2021
775,Kota Bekasi,0,perempuan,dokter gigi spesialis,puskesmas,2021
776,Kota Bogor,1,laki-laki,dokter gigi,puskesmas,2021
777,Kota Bogor,0,laki-laki,dokter gigi spesialis,puskesmas,2021
778,Kota Bogor,45,perempuan,dokter gigi,puskesmas,2021
779,Kota Bogor,0,perempuan,dokter gigi spesialis,puskesmas,2021
780,Kota Cimahi,0,laki-laki,dokter gigi,puskesmas,2021
781,Kota Cimahi,0,laki-laki,dokter gigi spesialis,puskesmas,2021
782,Kota Cimahi,17,perempuan,dokter gigi,puskesmas,2021
783,Kota Cimahi,0,perempuan,dokter gigi spesialis,puskesmas,2021
784,Kota Cirebon,8,laki-laki,dokter gigi,puskesmas,2021
785,Kota Cirebon,0,laki-laki,dokter gigi spesialis,puskesmas,2021
786,Kota Cirebon,35,perempuan,dokter gigi,puskesmas,2021
787,Kota Cirebon,0,perempuan,dokter gigi spesialis,puskesmas,2021
788,Kota Depok,1,laki-laki,dokter gigi,puskesmas,2021
789,Kota Depok,1,laki-laki,dokter gigi spesialis,puskesmas,2021
790,Kota Depok,47,perempuan,dokter gigi,puskesmas,2021
791,Kota Depok,1,perempuan,dokter gigi spesialis,puskesmas,2021
792,Kota Sukabumi,5,laki-laki,dokter gigi,puskesmas,2021
793,Kota Sukabumi,0,laki-laki,dokter gigi spesialis,puskesmas,2021
794,Kota Sukabumi,7,perempuan,dokter gigi,puskesmas,2021
795,Kota Sukabumi,0,perempuan,dokter gigi spesialis,puskesmas,2021
796,Kota Tasikmalaya,4,laki-laki,dokter gigi,puskesmas,2021
797,Kota Tasikmalaya,0,laki-laki,dokter gigi spesialis,puskesmas,2021
798,Kota Tasikmalaya,18,perempuan,dokter gigi,puskesmas,2021
799,Kota Tasikmalaya,0,perempuan,dokter gigi spesialis,puskesmas,2021
800,Kabupaten Bandung,8,laki-laki,dokter gigi,rumah sakit,2021
801,Kabupaten Bandung,2,laki-laki,dokter gigi spesialis,rumah sakit,2021
802,Kabupaten Bandung,19,perempuan,dokter gigi,rumah sakit,2021
803,Kabupaten Bandung,9,perempuan,dokter gigi spesialis,rumah sakit,2021
804,Kabupaten Bandung Barat,5,laki-laki,dokter gigi,rumah sakit,2021
805,Kabupaten Bandung Barat,3,laki-laki,dokter gigi spesialis,rumah sakit,2021
806,Kabupaten Bandung Barat,10,perempuan,dokter gigi,rumah sakit,2021
807,Kabupaten Bandung Barat,1,perempuan,dokter gigi spesialis,rumah sakit,2021
808,Kabupaten Bekasi,27,laki-laki,dokter gigi,rumah sakit,2021
809,Kabupaten Bekasi,12,laki-laki,dokter gigi spesialis,rumah sakit,2021
810,Kabupaten Bekasi,100,perempuan,dokter gigi,rumah sakit,2021
811,Kabupaten Bekasi,30,perempuan,dokter gigi spesialis,rumah sakit,2021
812,Kabupaten Bogor,20,laki-laki,dokter gigi,rumah sakit,2021
813,Kabupaten Bogor,19,laki-laki,dokter gigi spesialis,rumah sakit,2021
814,Kabupaten Bogor,67,perempuan,dokter gigi,rumah sakit,2021
815,Kabupaten Bogor,33,perempuan,dokter gigi spesialis,rumah sakit,2021
816,Kabupaten Ciamis,2,laki-laki,dokter gigi,rumah sakit,2021
817,Kabupaten Ciamis,0,laki-laki,dokter gigi spesialis,rumah sakit,2021
818,Kabupaten Ciamis,6,perempuan,dokter gigi,rumah sakit,2021
819,Kabupaten Ciamis,2,perempuan,dokter gigi spesialis,rumah sakit,2021
820,Kabupaten Cianjur,15,laki-laki,dokter gigi,rumah sakit,2021
821,Kabupaten Cianjur,1,laki-laki,dokter gigi spesialis,rumah sakit,2021
822,Kabupaten Cianjur,51,perempuan,dokter gigi,rumah sakit,2021
823,Kabupaten Cianjur,2,perempuan,dokter gigi spesialis,rumah sakit,2021
824,Kabupaten Cirebon,3,laki-laki,dokter gigi,rumah sakit,2021
825,Kabupaten Cirebon,7,laki-laki,dokter gigi spesialis,rumah sakit,2021
826,Kabupaten Cirebon,17,perempuan,dokter gigi,rumah sakit,2021
827,Kabupaten Cirebon,8,perempuan,dokter gigi spesialis,rumah sakit,2021
828,Kabupaten Garut,0,laki-laki,dokter gigi,rumah sakit,2021
829,Kabupaten Garut,0,laki-laki,dokter gigi spesialis,rumah sakit,2021
830,Kabupaten Garut,3,perempuan,dokter gigi,rumah sakit,2021
831,Kabupaten Garut,2,perempuan,dokter gigi spesialis,rumah sakit,2021
832,Kabupaten Indramayu,3,laki-laki,dokter gigi,rumah sakit,2021
833,Kabupaten Indramayu,1,laki-laki,dokter gigi spesialis,rumah sakit,2021
834,Kabupaten Indramayu,11,perempuan,dokter gigi,rumah sakit,2021
835,Kabupaten Indramayu,4,perempuan,dokter gigi spesialis,rumah sakit,2021
836,Kabupaten Karawang,15,laki-laki,dokter gigi,rumah sakit,2021
837,Kabupaten Karawang,7,laki-laki,dokter gigi spesialis,rumah sakit,2021
838,Kabupaten Karawang,31,perempuan,dokter gigi,rumah sakit,2021
839,Kabupaten Karawang,8,perempuan,dokter gigi spesialis,rumah sakit,2021
840,Kabupaten Kuningan,7,laki-laki,dokter gigi,rumah sakit,2021
841,Kabupaten Kuningan,0,laki-laki,dokter gigi spesialis,rumah sakit,2021
842,Kabupaten Kuningan,12,perempuan,dokter gigi,rumah sakit,2021
843,Kabupaten Kuningan,1,perempuan,dokter gigi spesialis,rumah sakit,2021
844,Kabupaten Majalengka,1,laki-laki,dokter gigi,rumah sakit,2021
845,Kabupaten Majalengka,1,laki-laki,dokter gigi spesialis,rumah sakit,2021
846,Kabupaten Majalengka,5,perempuan,dokter gigi,rumah sakit,2021
847,Kabupaten Majalengka,0,perempuan,dokter gigi spesialis,rumah sakit,2021
848,Kabupaten Pangandaran,1,laki-laki,dokter gigi,rumah sakit,2021
849,Kabupaten Pangandaran,1,laki-laki,dokter gigi spesialis,rumah sakit,2021
850,Kabupaten Pangandaran,0,perempuan,dokter gigi,rumah sakit,2021
851,Kabupaten Pangandaran,1,perempuan,dokter gigi spesialis,rumah sakit,2021
852,Kabupaten Purwakarta,2,laki-laki,dokter gigi,rumah sakit,2021
853,Kabupaten Purwakarta,2,laki-laki,dokter gigi spesialis,rumah sakit,2021
854,Kabupaten Purwakarta,14,perempuan,dokter gigi,rumah sakit,2021
855,Kabupaten Purwakarta,2,perempuan,dokter gigi spesialis,rumah sakit,2021
856,Kabupaten Subang,5,laki-laki,dokter gigi,rumah sakit,2021
857,Kabupaten Subang,1,laki-laki,dokter gigi spesialis,rumah sakit,2021
858,Kabupaten Subang,6,perempuan,dokter gigi,rumah sakit,2021
859,Kabupaten Subang,0,perempuan,dokter gigi spesialis,rumah sakit,2021
860,Kabupaten Sukabumi,8,laki-laki,dokter gigi,rumah sakit,2021
861,Kabupaten Sukabumi,7,laki-laki,dokter gigi spesialis,rumah sakit,2021
862,Kabupaten Sukabumi,19,perempuan,dokter gigi,rumah sakit,2021
863,Kabupaten Sukabumi,1,perempuan,dokter gigi spesialis,rumah sakit,2021
864,Kabupaten Sumedang,2,laki-laki,dokter gigi,rumah sakit,2021
865,Kabupaten Sumedang,1,laki-laki,dokter gigi spesialis,rumah sakit,2021
866,Kabupaten Sumedang,2,perempuan,dokter gigi,rumah sakit,2021
867,Kabupaten Sumedang,0,perempuan,dokter gigi spesialis,rumah sakit,2021
868,Kabupaten Tasikmalaya,1,laki-laki,dokter gigi,rumah sakit,2021
869,Kabupaten Tasikmalaya,0,laki-laki,dokter gigi spesialis,rumah sakit,2021
870,Kabupaten Tasikmalaya,2,perempuan,dokter gigi,rumah sakit,2021
871,Kabupaten Tasikmalaya,0,perempuan,dokter gigi spesialis,rumah sakit,2021
872,Kota Bandung,83,laki-laki,dokter gigi,rumah sakit,2021
873,Kota Bandung,72,laki-laki,dokter gigi spesialis,rumah sakit,2021
874,Kota Bandung,218,perempuan,dokter gigi,rumah sakit,2021
875,Kota Bandung,121,perempuan,dokter gigi spesialis,rumah sakit,2021
876,Kota Banjar,0,laki-laki,dokter gigi,rumah sakit,2021
877,Kota Banjar,0,laki-laki,dokter gigi spesialis,rumah sakit,2021
878,Kota Banjar,1,perempuan,dokter gigi,rumah sakit,2021
879,Kota Banjar,1,perempuan,dokter gigi spesialis,rumah sakit,2021
880,Kota Bekasi,29,laki-laki,dokter gigi,rumah sakit,2021
881,Kota Bekasi,26,laki-laki,dokter gigi spesialis,rumah sakit,2021
882,Kota Bekasi,110,perempuan,dokter gigi,rumah sakit,2021
883,Kota Bekasi,57,perempuan,dokter gigi spesialis,rumah sakit,2021
884,Kota Bogor,12,laki-laki,dokter gigi,rumah sakit,2021
885,Kota Bogor,18,laki-laki,dokter gigi spesialis,rumah sakit,2021
886,Kota Bogor,60,perempuan,dokter gigi,rumah sakit,2021
887,Kota Bogor,33,perempuan,dokter gigi spesialis,rumah sakit,2021
888,Kota Cimahi,6,laki-laki,dokter gigi,rumah sakit,2021
889,Kota Cimahi,8,laki-laki,dokter gigi spesialis,rumah sakit,2021
890,Kota Cimahi,25,perempuan,dokter gigi,rumah sakit,2021
891,Kota Cimahi,20,perempuan,dokter gigi spesialis,rumah sakit,2021
892,Kota Cirebon,6,laki-laki,dokter gigi,rumah sakit,2021
893,Kota Cirebon,9,laki-laki,dokter gigi spesialis,rumah sakit,2021
894,Kota Cirebon,14,perempuan,dokter gigi,rumah sakit,2021
895,Kota Cirebon,7,perempuan,dokter gigi spesialis,rumah sakit,2021
896,Kota Depok,21,laki-laki,dokter gigi,rumah sakit,2021
897,Kota Depok,29,laki-laki,dokter gigi spesialis,rumah sakit,2021
898,Kota Depok,63,perempuan,dokter gigi,rumah sakit,2021
899,Kota Depok,64,perempuan,dokter gigi spesialis,rumah sakit,2021
900,Kota Sukabumi,4,laki-laki,dokter gigi,rumah sakit,2021
901,Kota Sukabumi,1,laki-laki,dokter gigi spesialis,rumah sakit,2021
902,Kota Sukabumi,10,perempuan,dokter gigi,rumah sakit,2021
903,Kota Sukabumi,4,perempuan,dokter gigi spesialis,rumah sakit,2021
904,Kota Tasikmalaya,6,laki-laki,dokter gigi,rumah sakit,2021
905,Kota Tasikmalaya,2,laki-laki,dokter gigi spesialis,rumah sakit,2021
906,Kota Tasikmalaya,16,perempuan,dokter gigi,rumah sakit,2021
907,Kota Tasikmalaya,3,perempuan,dokter gigi spesialis,rumah sakit,2021
908,Kabupaten Bekasi,31,laki-laki,dokter gigi,klinik diklat kesehatan,2021
909,Kabupaten Bekasi,11,laki-laki,dokter gigi spesialis,klinik diklat kesehatan,2021
910,Kabupaten Bekasi,139,perempuan,dokter gigi,klinik diklat kesehatan,2021
911,Kabupaten Bekasi,28,perempuan,dokter gigi spesialis,klinik diklat kesehatan,2021
912,Kabupaten Garut,4,laki-laki,dokter gigi,klinik diklat kesehatan,2021
913,Kabupaten Garut,1,laki-laki,dokter gigi spesialis,klinik diklat kesehatan,2021
914,Kabupaten Garut,7,perempuan,dokter gigi,klinik diklat kesehatan,2021
915,Kabupaten Garut,0,perempuan,dokter gigi spesialis,klinik diklat kesehatan,2021
916,Kabupaten Garut,1,laki-laki,dokter gigi,klinik DINKES,2021
917,Kabupaten Garut,0,laki-laki,dokter gigi spesialis,klinik DINKES,2021
918,Kabupaten Garut,1,perempuan,dokter gigi,klinik DINKES,2021
919,Kabupaten Garut,0,perempuan,dokter gigi spesialis,klinik DINKES,2021
920,Kota Bandung,34,laki-laki,dokter gigi,klinik DINKES,2021
921,Kota Bandung,10,laki-laki,dokter gigi spesialis,klinik DINKES,2021
922,Kota Bandung,119,perempuan,dokter gigi,klinik DINKES,2021
923,Kota Bandung,23,perempuan,dokter gigi spesialis,klinik DINKES,2021
924,Kota Cirebon,4,laki-laki,dokter gigi,klinik DINKES,2021
925,Kota Cirebon,0,laki-laki,dokter gigi spesialis,klinik DINKES,2021
926,Kota Cirebon,16,perempuan,dokter gigi,klinik DINKES,2021
927,Kota Cirebon,0,perempuan,dokter gigi spesialis,klinik DINKES,2021
928,Kota Tasikmalaya,24,laki-laki,dokter gigi,klinik DINKES,2021
929,Kota Tasikmalaya,18,laki-laki,dokter gigi spesialis,klinik DINKES,2021
930,Kota Tasikmalaya,44,perempuan,dokter gigi,klinik DINKES,2021
931,Kota Tasikmalaya,20,perempuan,dokter gigi spesialis,klinik DINKES,2021
932, Kabupaten Bandung,7,laki-laki,dokter gigi,rumah sakit,2022
933, Kabupaten Bandung,2,laki-laki,dokter gigi spesialis,rumah sakit,2022
934, Kabupaten Bandung,21,perempuan,dokter gigi,rumah sakit,2022
935, Kabupaten Bandung,13,perempuan,dokter gigi spesialis,rumah sakit,2022
936, Kabupaten Bandung Barat,5,laki-laki,dokter gigi,rumah sakit,2022
937, Kabupaten Bandung Barat,3,laki-laki,dokter gigi spesialis,rumah sakit,2022
938, Kabupaten Bandung Barat,13,perempuan,dokter gigi,rumah sakit,2022
939, Kabupaten Bandung Barat,9,perempuan,dokter gigi spesialis,rumah sakit,2022
940, Kabupaten Bekasi,24,laki-laki,dokter gigi,rumah sakit,2022
941, Kabupaten Bekasi,14,laki-laki,dokter gigi spesialis,rumah sakit,2022
942, Kabupaten Bekasi,102,perempuan,dokter gigi,rumah sakit,2022
943, Kabupaten Bekasi,35,perempuan,dokter gigi spesialis,rumah sakit,2022
944, Kabupaten Bogor,17,laki-laki,dokter gigi,rumah sakit,2022
945, Kabupaten Bogor,23,laki-laki,dokter gigi spesialis,rumah sakit,2022
946, Kabupaten Bogor,62,perempuan,dokter gigi,rumah sakit,2022
947, Kabupaten Bogor,32,perempuan,dokter gigi spesialis,rumah sakit,2022
948, Kabupaten Ciamis,2,laki-laki,dokter gigi,rumah sakit,2022
949, Kabupaten Ciamis,1,laki-laki,dokter gigi spesialis,rumah sakit,2022
950, Kabupaten Ciamis,6,perempuan,dokter gigi,rumah sakit,2022
951, Kabupaten Ciamis,3,perempuan,dokter gigi spesialis,rumah sakit,2022
952, Kabupaten Cianjur,1,laki-laki,dokter gigi,rumah sakit,2022
953, Kabupaten Cianjur,1,laki-laki,dokter gigi spesialis,rumah sakit,2022
954, Kabupaten Cianjur,8,perempuan,dokter gigi,rumah sakit,2022
955, Kabupaten Cianjur,3,perempuan,dokter gigi spesialis,rumah sakit,2022
956, Kabupaten Cirebon,3,laki-laki,dokter gigi,rumah sakit,2022
957, Kabupaten Cirebon,7,laki-laki,dokter gigi spesialis,rumah sakit,2022
958, Kabupaten Cirebon,14,perempuan,dokter gigi,rumah sakit,2022
959, Kabupaten Cirebon,9,perempuan,dokter gigi spesialis,rumah sakit,2022
960, Kabupaten Garut,1,laki-laki,dokter gigi,rumah sakit,2022
961, Kabupaten Garut,0,laki-laki,dokter gigi spesialis,rumah sakit,2022
962, Kabupaten Garut,7,perempuan,dokter gigi,rumah sakit,2022
963, Kabupaten Garut,2,perempuan,dokter gigi spesialis,rumah sakit,2022
964, Kabupaten Indramayu,3,laki-laki,dokter gigi,rumah sakit,2022
965, Kabupaten Indramayu,1,laki-laki,dokter gigi spesialis,rumah sakit,2022
966, Kabupaten Indramayu,6,perempuan,dokter gigi,rumah sakit,2022
967, Kabupaten Indramayu,4,perempuan,dokter gigi spesialis,rumah sakit,2022
968, Kabupaten Karawang,17,laki-laki,dokter gigi,rumah sakit,2022
969, Kabupaten Karawang,11,laki-laki,dokter gigi spesialis,rumah sakit,2022
970, Kabupaten Karawang,32,perempuan,dokter gigi,rumah sakit,2022
971, Kabupaten Karawang,10,perempuan,dokter gigi spesialis,rumah sakit,2022
972, Kabupaten Kuningan,5,laki-laki,dokter gigi,rumah sakit,2022
973, Kabupaten Kuningan,0,laki-laki,dokter gigi spesialis,rumah sakit,2022
974, Kabupaten Kuningan,12,perempuan,dokter gigi,rumah sakit,2022
975, Kabupaten Kuningan,2,perempuan,dokter gigi spesialis,rumah sakit,2022
976, Kabupaten Majalengka,1,laki-laki,dokter gigi,rumah sakit,2022
977, Kabupaten Majalengka,1,laki-laki,dokter gigi spesialis,rumah sakit,2022
978, Kabupaten Majalengka,6,perempuan,dokter gigi,rumah sakit,2022
979, Kabupaten Majalengka,0,perempuan,dokter gigi spesialis,rumah sakit,2022
980, Kabupaten Pangandaran,1,laki-laki,dokter gigi,rumah sakit,2022
981, Kabupaten Pangandaran,1,laki-laki,dokter gigi spesialis,rumah sakit,2022
982, Kabupaten Pangandaran,2,perempuan,dokter gigi,rumah sakit,2022
983, Kabupaten Pangandaran,1,perempuan,dokter gigi spesialis,rumah sakit,2022
984, Kabupaten Purwakarta,2,laki-laki,dokter gigi,rumah sakit,2022
985, Kabupaten Purwakarta,3,laki-laki,dokter gigi spesialis,rumah sakit,2022
986, Kabupaten Purwakarta,16,perempuan,dokter gigi,rumah sakit,2022
987, Kabupaten Purwakarta,3,perempuan,dokter gigi spesialis,rumah sakit,2022
988, Kabupaten Subang,20,laki-laki,dokter gigi,rumah sakit,2022
989, Kabupaten Subang,1,laki-laki,dokter gigi spesialis,rumah sakit,2022
990, Kabupaten Subang,20,perempuan,dokter gigi,rumah sakit,2022
991, Kabupaten Subang,0,perempuan,dokter gigi spesialis,rumah sakit,2022
992, Kabupaten Sukabumi,6,laki-laki,dokter gigi,rumah sakit,2022
993, Kabupaten Sukabumi,3,laki-laki,dokter gigi spesialis,rumah sakit,2022
994, Kabupaten Sukabumi,15,perempuan,dokter gigi,rumah sakit,2022
995, Kabupaten Sukabumi,1,perempuan,dokter gigi spesialis,rumah sakit,2022
996, Kabupaten Sumedang,4,laki-laki,dokter gigi,rumah sakit,2022
997, Kabupaten Sumedang,0,laki-laki,dokter gigi spesialis,rumah sakit,2022
998, Kabupaten Sumedang,3,perempuan,dokter gigi,rumah sakit,2022
999, Kabupaten Sumedang,0,perempuan,dokter gigi spesialis,rumah sakit,2022
1000, Kabupaten Tasikmalaya,9,laki-laki,dokter gigi,rumah sakit,2022
1001, Kabupaten Tasikmalaya,0,laki-laki,dokter gigi spesialis,rumah sakit,2022
1002, Kabupaten Tasikmalaya,18,perempuan,dokter gigi,rumah sakit,2022
1003, Kabupaten Tasikmalaya,0,perempuan,dokter gigi spesialis,rumah sakit,2022
1004, Kota Bandung,67,laki-laki,dokter gigi,rumah sakit,2022
1005, Kota Bandung,95,laki-laki,dokter gigi spesialis,rumah sakit,2022
1006, Kota Bandung,177,perempuan,dokter gigi,rumah sakit,2022
1007, Kota Bandung,146,perempuan,dokter gigi spesialis,rumah sakit,2022
1008, Kota Banjar,0,laki-laki,dokter gigi,rumah sakit,2022
1009, Kota Banjar,0,laki-laki,dokter gigi spesialis,rumah sakit,2022
1010, Kota Banjar,1,perempuan,dokter gigi,rumah sakit,2022
1011, Kota Banjar,1,perempuan,dokter gigi spesialis,rumah sakit,2022
1012, Kota Bekasi,29,laki-laki,dokter gigi,rumah sakit,2022
1013, Kota Bekasi,26,laki-laki,dokter gigi spesialis,rumah sakit,2022
1014, Kota Bekasi,109,perempuan,dokter gigi,rumah sakit,2022
1015, Kota Bekasi,64,perempuan,dokter gigi spesialis,rumah sakit,2022
1016, Kota Bogor,13,laki-laki,dokter gigi,rumah sakit,2022
1017, Kota Bogor,21,laki-laki,dokter gigi spesialis,rumah sakit,2022
1018, Kota Bogor,65,perempuan,dokter gigi,rumah sakit,2022
1019, Kota Bogor,41,perempuan,dokter gigi spesialis,rumah sakit,2022
1020, Kota Cimahi,10,laki-laki,dokter gigi,rumah sakit,2022
1021, Kota Cimahi,8,laki-laki,dokter gigi spesialis,rumah sakit,2022
1022, Kota Cimahi,24,perempuan,dokter gigi,rumah sakit,2022
1023, Kota Cimahi,24,perempuan,dokter gigi spesialis,rumah sakit,2022
1024, Kota Cirebon,6,laki-laki,dokter gigi,rumah sakit,2022
1025, Kota Cirebon,18,laki-laki,dokter gigi spesialis,rumah sakit,2022
1026, Kota Cirebon,16,perempuan,dokter gigi,rumah sakit,2022
1027, Kota Cirebon,8,perempuan,dokter gigi spesialis,rumah sakit,2022
1028, Kota Depok,17,laki-laki,dokter gigi,rumah sakit,2022
1029, Kota Depok,30,laki-laki,dokter gigi spesialis,rumah sakit,2022
1030, Kota Depok,54,perempuan,dokter gigi,rumah sakit,2022
1031, Kota Depok,60,perempuan,dokter gigi spesialis,rumah sakit,2022
1032, Kota Sukabumi,2,laki-laki,dokter gigi,rumah sakit,2022
1033, Kota Sukabumi,1,laki-laki,dokter gigi spesialis,rumah sakit,2022
1034, Kota Sukabumi,11,perempuan,dokter gigi,rumah sakit,2022
1035, Kota Sukabumi,3,perempuan,dokter gigi spesialis,rumah sakit,2022
1036, Kota Tasikmalaya,6,laki-laki,dokter gigi,rumah sakit,2022
1037, Kota Tasikmalaya,2,laki-laki,dokter gigi spesialis,rumah sakit,2022
1038, Kota Tasikmalaya,13,perempuan,dokter gigi,rumah sakit,2022
1039, Kota Tasikmalaya,2,perempuan,dokter gigi spesialis,rumah sakit,2022
1040, Kabupaten Bandung,11,laki-laki,dokter gigi,puskesmas,2022
1041, Kabupaten Bandung,0,laki-laki,dokter gigi spesialis,puskesmas,2022
1042, Kabupaten Bandung,61,perempuan,dokter gigi,puskesmas,2022
1043, Kabupaten Bandung,0,perempuan,dokter gigi spesialis,puskesmas,2022
1044, Kabupaten Bandung Barat,7,laki-laki,dokter gigi,puskesmas,2022
1045, Kabupaten Bandung Barat,0,laki-laki,dokter gigi spesialis,puskesmas,2022
1046, Kabupaten Bandung Barat,32,perempuan,dokter gigi,puskesmas,2022
1047, Kabupaten Bandung Barat,0,perempuan,dokter gigi spesialis,puskesmas,2022
1048, Kabupaten Bekasi,4,laki-laki,dokter gigi,puskesmas,2022
1049, Kabupaten Bekasi,0,laki-laki,dokter gigi spesialis,puskesmas,2022
1050, Kabupaten Bekasi,41,perempuan,dokter gigi,puskesmas,2022
1051, Kabupaten Bekasi,0,perempuan,dokter gigi spesialis,puskesmas,2022
1052, Kabupaten Bogor,5,laki-laki,dokter gigi,puskesmas,2022
1053, Kabupaten Bogor,0,laki-laki,dokter gigi spesialis,puskesmas,2022
1054, Kabupaten Bogor,69,perempuan,dokter gigi,puskesmas,2022
1055, Kabupaten Bogor,0,perempuan,dokter gigi spesialis,puskesmas,2022
1056, Kabupaten Ciamis,3,laki-laki,dokter gigi,puskesmas,2022
1057, Kabupaten Ciamis,0,laki-laki,dokter gigi spesialis,puskesmas,2022
1058, Kabupaten Ciamis,14,perempuan,dokter gigi,puskesmas,2022
1059, Kabupaten Ciamis,0,perempuan,dokter gigi spesialis,puskesmas,2022
1060, Kabupaten Cianjur,9,laki-laki,dokter gigi,puskesmas,2022
1061, Kabupaten Cianjur,0,laki-laki,dokter gigi spesialis,puskesmas,2022
1062, Kabupaten Cianjur,27,perempuan,dokter gigi,puskesmas,2022
1063, Kabupaten Cianjur,0,perempuan,dokter gigi spesialis,puskesmas,2022
1064, Kabupaten Cirebon,12,laki-laki,dokter gigi,puskesmas,2022
1065, Kabupaten Cirebon,0,laki-laki,dokter gigi spesialis,puskesmas,2022
1066, Kabupaten Cirebon,43,perempuan,dokter gigi,puskesmas,2022
1067, Kabupaten Cirebon,0,perempuan,dokter gigi spesialis,puskesmas,2022
1068, Kabupaten Garut,6,laki-laki,dokter gigi,puskesmas,2022
1069, Kabupaten Garut,0,laki-laki,dokter gigi spesialis,puskesmas,2022
1070, Kabupaten Garut,21,perempuan,dokter gigi,puskesmas,2022
1071, Kabupaten Garut,0,perempuan,dokter gigi spesialis,puskesmas,2022
1072, Kabupaten Indramayu,7,laki-laki,dokter gigi,puskesmas,2022
1073, Kabupaten Indramayu,0,laki-laki,dokter gigi spesialis,puskesmas,2022
1074, Kabupaten Indramayu,29,perempuan,dokter gigi,puskesmas,2022
1075, Kabupaten Indramayu,0,perempuan,dokter gigi spesialis,puskesmas,2022
1076, Kabupaten Karawang,7,laki-laki,dokter gigi,puskesmas,2022
1077, Kabupaten Karawang,0,laki-laki,dokter gigi spesialis,puskesmas,2022
1078, Kabupaten Karawang,28,perempuan,dokter gigi,puskesmas,2022
1079, Kabupaten Karawang,0,perempuan,dokter gigi spesialis,puskesmas,2022
1080, Kabupaten Kuningan,8,laki-laki,dokter gigi,puskesmas,2022
1081, Kabupaten Kuningan,0,laki-laki,dokter gigi spesialis,puskesmas,2022
1082, Kabupaten Kuningan,16,perempuan,dokter gigi,puskesmas,2022
1083, Kabupaten Kuningan,0,perempuan,dokter gigi spesialis,puskesmas,2022
1084, Kabupaten Majalengka,7,laki-laki,dokter gigi,puskesmas,2022
1085, Kabupaten Majalengka,0,laki-laki,dokter gigi spesialis,puskesmas,2022
1086, Kabupaten Majalengka,17,perempuan,dokter gigi,puskesmas,2022
1087, Kabupaten Majalengka,0,perempuan,dokter gigi spesialis,puskesmas,2022
1088, Kabupaten Pangandaran,6,laki-laki,dokter gigi,puskesmas,2022
1089, Kabupaten Pangandaran,0,laki-laki,dokter gigi spesialis,puskesmas,2022
1090, Kabupaten Pangandaran,11,perempuan,dokter gigi,puskesmas,2022
1091, Kabupaten Pangandaran,0,perempuan,dokter gigi spesialis,puskesmas,2022
1092, Kabupaten Purwakarta,6,laki-laki,dokter gigi,puskesmas,2022
1093, Kabupaten Purwakarta,0,laki-laki,dokter gigi spesialis,puskesmas,2022
1094, Kabupaten Purwakarta,17,perempuan,dokter gigi,puskesmas,2022
1095, Kabupaten Purwakarta,0,perempuan,dokter gigi spesialis,puskesmas,2022
1096, Kabupaten Subang,2,laki-laki,dokter gigi,puskesmas,2022
1097, Kabupaten Subang,0,laki-laki,dokter gigi spesialis,puskesmas,2022
1098, Kabupaten Subang,23,perempuan,dokter gigi,puskesmas,2022
1099, Kabupaten Subang,0,perempuan,dokter gigi spesialis,puskesmas,2022
1100, Kabupaten Sukabumi,11,laki-laki,dokter gigi,puskesmas,2022
1101, Kabupaten Sukabumi,0,laki-laki,dokter gigi spesialis,puskesmas,2022
1102, Kabupaten Sukabumi,21,perempuan,dokter gigi,puskesmas,2022
1103, Kabupaten Sukabumi,0,perempuan,dokter gigi spesialis,puskesmas,2022
1104, Kabupaten Sumedang,7,laki-laki,dokter gigi,puskesmas,2022
1105, Kabupaten Sumedang,0,laki-laki,dokter gigi spesialis,puskesmas,2022
1106, Kabupaten Sumedang,19,perempuan,dokter gigi,puskesmas,2022
1107, Kabupaten Sumedang,0,perempuan,dokter gigi spesialis,puskesmas,2022
1108, Kabupaten Tasikmalaya,9,laki-laki,dokter gigi,puskesmas,2022
1109, Kabupaten Tasikmalaya,0,laki-laki,dokter gigi spesialis,puskesmas,2022
1110, Kabupaten Tasikmalaya,18,perempuan,dokter gigi,puskesmas,2022
1111, Kabupaten Tasikmalaya,0,perempuan,dokter gigi spesialis,puskesmas,2022
1112, Kota Bandung,12,laki-laki,dokter gigi,puskesmas,2022
1113, Kota Bandung,0,laki-laki,dokter gigi spesialis,puskesmas,2022
1114, Kota Bandung,48,perempuan,dokter gigi,puskesmas,2022
1115, Kota Bandung,0,perempuan,dokter gigi spesialis,puskesmas,2022
1116, Kota Banjar,2,laki-laki,dokter gigi,puskesmas,2022
1117, Kota Banjar,0,laki-laki,dokter gigi spesialis,puskesmas,2022
1118, Kota Banjar,6,perempuan,dokter gigi,puskesmas,2022
1119, Kota Banjar,0,perempuan,dokter gigi spesialis,puskesmas,2022
1120, Kota Bekasi,0,laki-laki,dokter gigi,puskesmas,2022
1121, Kota Bekasi,0,laki-laki,dokter gigi spesialis,puskesmas,2022
1122, Kota Bekasi,81,perempuan,dokter gigi,puskesmas,2022
1123, Kota Bekasi,0,perempuan,dokter gigi spesialis,puskesmas,2022
1124, Kota Bogor,2,laki-laki,dokter gigi,puskesmas,2022
1125, Kota Bogor,0,laki-laki,dokter gigi spesialis,puskesmas,2022
1126, Kota Bogor,47,perempuan,dokter gigi,puskesmas,2022
1127, Kota Bogor,0,perempuan,dokter gigi spesialis,puskesmas,2022
1128, Kota Cimahi,0,laki-laki,dokter gigi,puskesmas,2022
1129, Kota Cimahi,0,laki-laki,dokter gigi spesialis,puskesmas,2022
1130, Kota Cimahi,17,perempuan,dokter gigi,puskesmas,2022
1131, Kota Cimahi,0,perempuan,dokter gigi spesialis,puskesmas,2022
1132, Kota Cirebon,4,laki-laki,dokter gigi,puskesmas,2022
1133, Kota Cirebon,0,laki-laki,dokter gigi spesialis,puskesmas,2022
1134, Kota Cirebon,18,perempuan,dokter gigi,puskesmas,2022
1135, Kota Cirebon,0,perempuan,dokter gigi spesialis,puskesmas,2022
1136, Kota Depok,1,laki-laki,dokter gigi,puskesmas,2022
1137, Kota Depok,0,laki-laki,dokter gigi spesialis,puskesmas,2022
1138, Kota Depok,49,perempuan,dokter gigi,puskesmas,2022
1139, Kota Depok,0,perempuan,dokter gigi spesialis,puskesmas,2022
1140, Kota Sukabumi,3,laki-laki,dokter gigi,puskesmas,2022
1141, Kota Sukabumi,0,laki-laki,dokter gigi spesialis,puskesmas,2022
1142, Kota Sukabumi,11,perempuan,dokter gigi,puskesmas,2022
1143, Kota Sukabumi,0,perempuan,dokter gigi spesialis,puskesmas,2022
1144, Kota Tasikmalaya,2,laki-laki,dokter gigi,puskesmas,2022
1145, Kota Tasikmalaya,0,laki-laki,dokter gigi spesialis,puskesmas,2022
1146, Kota Tasikmalaya,9,perempuan,dokter gigi,puskesmas,2022
1147, Kota Tasikmalaya,0,perempuan,dokter gigi spesialis,puskesmas,2022
1148,Kabupaten Karawang,0,laki-laki,dokter gigi,klinik DINKES,2022
1149,Kabupaten Karawang,0,laki-laki,dokter gigi spesialis,klinik DINKES,2022
1150,Kabupaten Karawang,1,perempuan,dokter gigi,klinik DINKES,2022
1151,Kabupaten Karawang,0,perempuan,dokter gigi spesialis,klinik DINKES,2022
1152,Kota Purwakarta,0,laki-laki,dokter gigi,klinik DINKES,2022
1153,Kota Purwakarta,0,laki-laki,dokter gigi spesialis,klinik DINKES,2022
1154,Kota Purwakarta,1,perempuan,dokter gigi,klinik DINKES,2022
1155,Kota Purwakarta,0,perempuan,dokter gigi spesialis,klinik DINKES,2022
