Kab/Kota,jumlah,jns_kelamin,profesi,unit_kerja,tahun
Kabupaten Bandung,12,laki-laki,dokter gigi,puskesmas,2018
Kabupaten Bandung,0,laki-laki,dokter gigi spesialis,puskesmas,2018
Kabupaten Bandung,56,perempuan,dokter gigi,puskesmas,2018
Kabupaten Bandung,0,perempuan,dokter gigi spesialis,puskesmas,2018
Kabupaten Bandung Barat,8,laki-laki,dokter gigi,puskesmas,2018
Kabupaten Bandung Barat,0,laki-laki,dokter gigi spesialis,puskesmas,2018
Kabupaten Bandung Barat,22,perempuan,dokter gigi,puskesmas,2018
Kabupaten Bandung Barat,0,perempuan,dokter gigi spesialis,puskesmas,2018
Kabupaten Bekasi,3,laki-laki,dokter gigi,puskesmas,2018
Kabupaten Bekasi,0,laki-laki,dokter gigi spesialis,puskesmas,2018
Kabupaten Bekasi,27,perempuan,dokter gigi,puskesmas,2018
Kabupaten Bekasi,0,perempuan,dokter gigi spesialis,puskesmas,2018
Kabupaten Bogor,5,laki-laki,dokter gigi,puskesmas,2018
Kabupaten Bogor,0,laki-laki,dokter gigi spesialis,puskesmas,2018
Kabupaten Bogor,65,perempuan,dokter gigi,puskesmas,2018
Kabupaten Bogor,0,perempuan,dokter gigi spesialis,puskesmas,2018
Kabupaten Ciamis,3,laki-laki,dokter gigi,puskesmas,2018
Kabupaten Ciamis,0,laki-laki,dokter gigi spesialis,puskesmas,2018
Kabupaten Ciamis,5,perempuan,dokter gigi,puskesmas,2018
Kabupaten Ciamis,0,perempuan,dokter gigi spesialis,puskesmas,2018
Kabupaten Cianjur,1,laki-laki,dokter gigi,puskesmas,2018
Kabupaten Cianjur,0,laki-laki,dokter gigi spesialis,puskesmas,2018
Kabupaten Cianjur,22,perempuan,dokter gigi,puskesmas,2018
Kabupaten Cianjur,0,perempuan,dokter gigi spesialis,puskesmas,2018
Kabupaten Cirebon,11,laki-laki,dokter gigi,puskesmas,2018
Kabupaten Cirebon,0,laki-laki,dokter gigi spesialis,puskesmas,2018
Kabupaten Cirebon,25,perempuan,dokter gigi,puskesmas,2018
Kabupaten Cirebon,0,perempuan,dokter gigi spesialis,puskesmas,2018
Kabupaten Garut,6,laki-laki,dokter gigi,puskesmas,2018
Kabupaten Garut,0,laki-laki,dokter gigi spesialis,puskesmas,2018
Kabupaten Garut,15,perempuan,dokter gigi,puskesmas,2018
Kabupaten Garut,0,perempuan,dokter gigi spesialis,puskesmas,2018
Kabupaten Indramayu,8,laki-laki,dokter gigi,puskesmas,2018
Kabupaten Indramayu,0,laki-laki,dokter gigi spesialis,puskesmas,2018
Kabupaten Indramayu,8,perempuan,dokter gigi,puskesmas,2018
Kabupaten Indramayu,0,perempuan,dokter gigi spesialis,puskesmas,2018
Kabupaten Karawang,9,laki-laki,dokter gigi,puskesmas,2018
Kabupaten Karawang,0,laki-laki,dokter gigi spesialis,puskesmas,2018
Kabupaten Karawang,34,perempuan,dokter gigi,puskesmas,2018
Kabupaten Karawang,0,perempuan,dokter gigi spesialis,puskesmas,2018
Kabupaten Kuningan,4,laki-laki,dokter gigi,puskesmas,2018
Kabupaten Kuningan,0,laki-laki,dokter gigi spesialis,puskesmas,2018
Kabupaten Kuningan,8,perempuan,dokter gigi,puskesmas,2018
Kabupaten Kuningan,0,perempuan,dokter gigi spesialis,puskesmas,2018
Kabupaten Majalengka,2,laki-laki,dokter gigi,puskesmas,2018
Kabupaten Majalengka,0,laki-laki,dokter gigi spesialis,puskesmas,2018
Kabupaten Majalengka,12,perempuan,dokter gigi,puskesmas,2018
Kabupaten Majalengka,0,perempuan,dokter gigi spesialis,puskesmas,2018
Kabupaten Pangandaran,3,laki-laki,dokter gigi,puskesmas,2018
Kabupaten Pangandaran,0,laki-laki,dokter gigi spesialis,puskesmas,2018
Kabupaten Pangandaran,4,perempuan,dokter gigi,puskesmas,2018
Kabupaten Pangandaran,0,perempuan,dokter gigi spesialis,puskesmas,2018
Kabupaten Purwakarta,3,laki-laki,dokter gigi,puskesmas,2018
Kabupaten Purwakarta,0,laki-laki,dokter gigi spesialis,puskesmas,2018
Kabupaten Purwakarta,15,perempuan,dokter gigi,puskesmas,2018
Kabupaten Purwakarta,0,perempuan,dokter gigi spesialis,puskesmas,2018
Kabupaten Subang,3,laki-laki,dokter gigi,puskesmas,2018
Kabupaten Subang,0,laki-laki,dokter gigi spesialis,puskesmas,2018
Kabupaten Subang,15,perempuan,dokter gigi,puskesmas,2018
Kabupaten Subang,0,perempuan,dokter gigi spesialis,puskesmas,2018
Kabupaten Sukabumi,5,laki-laki,dokter gigi,puskesmas,2018
Kabupaten Sukabumi,0,laki-laki,dokter gigi spesialis,puskesmas,2018
Kabupaten Sukabumi,15,perempuan,dokter gigi,puskesmas,2018
Kabupaten Sukabumi,0,perempuan,dokter gigi spesialis,puskesmas,2018
Kabupaten Sumedang,3,laki-laki,dokter gigi,puskesmas,2018
Kabupaten Sumedang,0,laki-laki,dokter gigi spesialis,puskesmas,2018
Kabupaten Sumedang,18,perempuan,dokter gigi,puskesmas,2018
Kabupaten Sumedang,0,perempuan,dokter gigi spesialis,puskesmas,2018
Kabupaten Tasikmalaya,5,laki-laki,dokter gigi,puskesmas,2018
Kabupaten Tasikmalaya,0,laki-laki,dokter gigi spesialis,puskesmas,2018
Kabupaten Tasikmalaya,13,perempuan,dokter gigi,puskesmas,2018
Kabupaten Tasikmalaya,0,perempuan,dokter gigi spesialis,puskesmas,2018
Kota Bandung,13,laki-laki,dokter gigi,puskesmas,2018
Kota Bandung,0,laki-laki,dokter gigi spesialis,puskesmas,2018
Kota Bandung,94,perempuan,dokter gigi,puskesmas,2018
Kota Bandung,0,perempuan,dokter gigi spesialis,puskesmas,2018
Kota Banjar,1,laki-laki,dokter gigi,puskesmas,2018
Kota Banjar,0,laki-laki,dokter gigi spesialis,puskesmas,2018
Kota Banjar,2,perempuan,dokter gigi,puskesmas,2018
Kota Banjar,0,perempuan,dokter gigi spesialis,puskesmas,2018
Kota Bekasi,6,laki-laki,dokter gigi,puskesmas,2018
Kota Bekasi,0,laki-laki,dokter gigi spesialis,puskesmas,2018
Kota Bekasi,79,perempuan,dokter gigi,puskesmas,2018
Kota Bekasi,3,perempuan,dokter gigi spesialis,puskesmas,2018
Kota Bogor,2,laki-laki,dokter gigi,puskesmas,2018
Kota Bogor,0,laki-laki,dokter gigi spesialis,puskesmas,2018
Kota Bogor,40,perempuan,dokter gigi,puskesmas,2018
Kota Bogor,0,perempuan,dokter gigi spesialis,puskesmas,2018
Kota Cimahi,0,laki-laki,dokter gigi,puskesmas,2018
Kota Cimahi,0,laki-laki,dokter gigi spesialis,puskesmas,2018
Kota Cimahi,17,perempuan,dokter gigi,puskesmas,2018
Kota Cimahi,0,perempuan,dokter gigi spesialis,puskesmas,2018
Kota Cirebon,2,laki-laki,dokter gigi,puskesmas,2018
Kota Cirebon,0,laki-laki,dokter gigi spesialis,puskesmas,2018
Kota Cirebon,17,perempuan,dokter gigi,puskesmas,2018
Kota Cirebon,0,perempuan,dokter gigi spesialis,puskesmas,2018
Kota Depok,1,laki-laki,dokter gigi,puskesmas,2018
Kota Depok,0,laki-laki,dokter gigi spesialis,puskesmas,2018
Kota Depok,53,perempuan,dokter gigi,puskesmas,2018
Kota Depok,0,perempuan,dokter gigi spesialis,puskesmas,2018
Kota Sukabumi,2,laki-laki,dokter gigi,puskesmas,2018
Kota Sukabumi,0,laki-laki,dokter gigi spesialis,puskesmas,2018
Kota Sukabumi,7,perempuan,dokter gigi,puskesmas,2018
Kota Sukabumi,0,perempuan,dokter gigi spesialis,puskesmas,2018
Kota Tasikmalaya,3,laki-laki,dokter gigi,puskesmas,2018
Kota Tasikmalaya,0,laki-laki,dokter gigi spesialis,puskesmas,2018
Kota Tasikmalaya,14,perempuan,dokter gigi,puskesmas,2018
Kota Tasikmalaya,0,perempuan,dokter gigi spesialis,puskesmas,2018
Kabupaten Bandung,46,laki-laki,dokter gigi,rumah sakit,2018
Kabupaten Bandung,83,laki-laki,dokter gigi spesialis,rumah sakit,2018
Kabupaten Bandung,122,perempuan,dokter gigi,rumah sakit,2018
Kabupaten Bandung,134,perempuan,dokter gigi spesialis,rumah sakit,2018
Kabupaten Bandung Barat,2,laki-laki,dokter gigi,rumah sakit,2018
Kabupaten Bandung Barat,1,laki-laki,dokter gigi spesialis,rumah sakit,2018
Kabupaten Bandung Barat,9,perempuan,dokter gigi,rumah sakit,2018
Kabupaten Bandung Barat,1,perempuan,dokter gigi spesialis,rumah sakit,2018
Kabupaten Bekasi,22,laki-laki,dokter gigi,rumah sakit,2018
Kabupaten Bekasi,6,laki-laki,dokter gigi spesialis,rumah sakit,2018
Kabupaten Bekasi,70,perempuan,dokter gigi,rumah sakit,2018
Kabupaten Bekasi,14,perempuan,dokter gigi spesialis,rumah sakit,2018
Kabupaten Bogor,18,laki-laki,dokter gigi,rumah sakit,2018
Kabupaten Bogor,15,laki-laki,dokter gigi spesialis,rumah sakit,2018
Kabupaten Bogor,68,perempuan,dokter gigi,rumah sakit,2018
Kabupaten Bogor,25,perempuan,dokter gigi spesialis,rumah sakit,2018
Kabupaten Ciamis,0,laki-laki,dokter gigi,rumah sakit,2018
Kabupaten Ciamis,1,laki-laki,dokter gigi spesialis,rumah sakit,2018
Kabupaten Ciamis,3,perempuan,dokter gigi,rumah sakit,2018
Kabupaten Ciamis,0,perempuan,dokter gigi spesialis,rumah sakit,2018
Kabupaten Cianjur,0,laki-laki,dokter gigi,rumah sakit,2018
Kabupaten Cianjur,0,laki-laki,dokter gigi spesialis,rumah sakit,2018
Kabupaten Cianjur,0,perempuan,dokter gigi,rumah sakit,2018
Kabupaten Cianjur,0,perempuan,dokter gigi spesialis,rumah sakit,2018
Kabupaten Cirebon,4,laki-laki,dokter gigi,rumah sakit,2018
Kabupaten Cirebon,4,laki-laki,dokter gigi spesialis,rumah sakit,2018
Kabupaten Cirebon,17,perempuan,dokter gigi,rumah sakit,2018
Kabupaten Cirebon,8,perempuan,dokter gigi spesialis,rumah sakit,2018
Kabupaten Garut,0,laki-laki,dokter gigi,rumah sakit,2018
Kabupaten Garut,0,laki-laki,dokter gigi spesialis,rumah sakit,2018
Kabupaten Garut,2,perempuan,dokter gigi,rumah sakit,2018
Kabupaten Garut,1,perempuan,dokter gigi spesialis,rumah sakit,2018
Kabupaten Indramayu,0,laki-laki,dokter gigi,rumah sakit,2018
Kabupaten Indramayu,0,laki-laki,dokter gigi spesialis,rumah sakit,2018
Kabupaten Indramayu,0,perempuan,dokter gigi,rumah sakit,2018
Kabupaten Indramayu,0,perempuan,dokter gigi spesialis,rumah sakit,2018
Kabupaten Karawang,15,laki-laki,dokter gigi,rumah sakit,2018
Kabupaten Karawang,6,laki-laki,dokter gigi spesialis,rumah sakit,2018
Kabupaten Karawang,31,perempuan,dokter gigi,rumah sakit,2018
Kabupaten Karawang,5,perempuan,dokter gigi spesialis,rumah sakit,2018
Kabupaten Kuningan,3,laki-laki,dokter gigi,rumah sakit,2018
Kabupaten Kuningan,0,laki-laki,dokter gigi spesialis,rumah sakit,2018
Kabupaten Kuningan,7,perempuan,dokter gigi,rumah sakit,2018
Kabupaten Kuningan,0,perempuan,dokter gigi spesialis,rumah sakit,2018
Kabupaten Majalengka,1,laki-laki,dokter gigi,rumah sakit,2018
Kabupaten Majalengka,0,laki-laki,dokter gigi spesialis,rumah sakit,2018
Kabupaten Majalengka,4,perempuan,dokter gigi,rumah sakit,2018
Kabupaten Majalengka,0,perempuan,dokter gigi spesialis,rumah sakit,2018
Kabupaten Pangandaran,0,laki-laki,dokter gigi,rumah sakit,2018
Kabupaten Pangandaran,0,laki-laki,dokter gigi spesialis,rumah sakit,2018
Kabupaten Pangandaran,0,perempuan,dokter gigi,rumah sakit,2018
Kabupaten Pangandaran,0,perempuan,dokter gigi spesialis,rumah sakit,2018
Kabupaten Purwakarta,5,laki-laki,dokter gigi,rumah sakit,2018
Kabupaten Purwakarta,3,laki-laki,dokter gigi spesialis,rumah sakit,2018
Kabupaten Purwakarta,17,perempuan,dokter gigi,rumah sakit,2018
Kabupaten Purwakarta,0,perempuan,dokter gigi spesialis,rumah sakit,2018
Kabupaten Subang,2,laki-laki,dokter gigi,rumah sakit,2018
Kabupaten Subang,1,laki-laki,dokter gigi spesialis,rumah sakit,2018
Kabupaten Subang,2,perempuan,dokter gigi,rumah sakit,2018
Kabupaten Subang,1,perempuan,dokter gigi spesialis,rumah sakit,2018
Kabupaten Sukabumi,6,laki-laki,dokter gigi,rumah sakit,2018
Kabupaten Sukabumi,0,laki-laki,dokter gigi spesialis,rumah sakit,2018
Kabupaten Sukabumi,11,perempuan,dokter gigi,rumah sakit,2018
Kabupaten Sukabumi,0,perempuan,dokter gigi spesialis,rumah sakit,2018
Kabupaten Sumedang,8,laki-laki,dokter gigi,rumah sakit,2018
Kabupaten Sumedang,4,laki-laki,dokter gigi spesialis,rumah sakit,2018
Kabupaten Sumedang,14,perempuan,dokter gigi,rumah sakit,2018
Kabupaten Sumedang,0,perempuan,dokter gigi spesialis,rumah sakit,2018
Kabupaten Tasikmalaya,0,laki-laki,dokter gigi,rumah sakit,2018
Kabupaten Tasikmalaya,0,laki-laki,dokter gigi spesialis,rumah sakit,2018
Kabupaten Tasikmalaya,0,perempuan,dokter gigi,rumah sakit,2018
Kabupaten Tasikmalaya,0,perempuan,dokter gigi spesialis,rumah sakit,2018
Kota Bandung,45,laki-laki,dokter gigi,rumah sakit,2018
Kota Bandung,83,laki-laki,dokter gigi spesialis,rumah sakit,2018
Kota Bandung,123,perempuan,dokter gigi,rumah sakit,2018
Kota Bandung,134,perempuan,dokter gigi spesialis,rumah sakit,2018
Kota Banjar,0,laki-laki,dokter gigi,rumah sakit,2018
Kota Banjar,0,laki-laki,dokter gigi spesialis,rumah sakit,2018
Kota Banjar,3,perempuan,dokter gigi,rumah sakit,2018
Kota Banjar,0,perempuan,dokter gigi spesialis,rumah sakit,2018
Kota Bekasi,1,laki-laki,dokter gigi,rumah sakit,2018
Kota Bekasi,1,laki-laki,dokter gigi spesialis,rumah sakit,2018
Kota Bekasi,5,perempuan,dokter gigi,rumah sakit,2018
Kota Bekasi,0,perempuan,dokter gigi spesialis,rumah sakit,2018
Kota Bogor,19,laki-laki,dokter gigi,rumah sakit,2018
Kota Bogor,18,laki-laki,dokter gigi spesialis,rumah sakit,2018
Kota Bogor,63,perempuan,dokter gigi,rumah sakit,2018
Kota Bogor,34,perempuan,dokter gigi spesialis,rumah sakit,2018
Kota Cimahi,5,laki-laki,dokter gigi,rumah sakit,2018
Kota Cimahi,12,laki-laki,dokter gigi spesialis,rumah sakit,2018
Kota Cimahi,25,perempuan,dokter gigi,rumah sakit,2018
Kota Cimahi,19,perempuan,dokter gigi spesialis,rumah sakit,2018
Kota Cirebon,2,laki-laki,dokter gigi,rumah sakit,2018
Kota Cirebon,8,laki-laki,dokter gigi spesialis,rumah sakit,2018
Kota Cirebon,31,perempuan,dokter gigi,rumah sakit,2018
Kota Cirebon,10,perempuan,dokter gigi spesialis,rumah sakit,2018
Kota Depok,20,laki-laki,dokter gigi,rumah sakit,2018
Kota Depok,20,laki-laki,dokter gigi spesialis,rumah sakit,2018
Kota Depok,75,perempuan,dokter gigi,rumah sakit,2018
Kota Depok,53,perempuan,dokter gigi spesialis,rumah sakit,2018
Kota Sukabumi,7,laki-laki,dokter gigi,rumah sakit,2018
Kota Sukabumi,1,laki-laki,dokter gigi spesialis,rumah sakit,2018
Kota Sukabumi,4,perempuan,dokter gigi,rumah sakit,2018
Kota Sukabumi,3,perempuan,dokter gigi spesialis,rumah sakit,2018
Kota Tasikmalaya,2,laki-laki,dokter gigi,rumah sakit,2018
Kota Tasikmalaya,1,laki-laki,dokter gigi spesialis,rumah sakit,2018
Kota Tasikmalaya,1,perempuan,dokter gigi,rumah sakit,2018
Kota Tasikmalaya,5,perempuan,dokter gigi spesialis,rumah sakit,2018
Kabupaten Bandung Barat,9,laki-laki,dokter gigi,klinik DINKES,2018
Kabupaten Bandung Barat,0,laki-laki,dokter gigi spesialis,klinik DINKES,2018
Kabupaten Bandung Barat,20,perempuan,dokter gigi,klinik DINKES,2018
Kabupaten Bandung Barat,0,perempuan,dokter gigi spesialis,klinik DINKES,2018
Kabupaten Bogor,0,laki-laki,dokter gigi,klinik DINKES,2018
Kabupaten Bogor,0,laki-laki,dokter gigi spesialis,klinik DINKES,2018
Kabupaten Bogor,2,perempuan,dokter gigi,klinik DINKES,2018
Kabupaten Bogor,0,perempuan,dokter gigi spesialis,klinik DINKES,2018
Kabupaten Cirebon,1,laki-laki,dokter gigi,klinik DINKES,2018
Kabupaten Cirebon,0,laki-laki,dokter gigi spesialis,klinik DINKES,2018
Kabupaten Cirebon,19,perempuan,dokter gigi,klinik DINKES,2018
Kabupaten Cirebon,0,perempuan,dokter gigi spesialis,klinik DINKES,2018
Kabupaten Sukabumi,1,laki-laki,dokter gigi,klinik DINKES,2018
Kabupaten Sukabumi,0,laki-laki,dokter gigi spesialis,klinik DINKES,2018
Kabupaten Sukabumi,3,perempuan,dokter gigi,klinik DINKES,2018
Kabupaten Sukabumi,0,perempuan,dokter gigi spesialis,klinik DINKES,2018
Kabupaten Bandung,13,laki-laki,dokter gigi,puskesmas,2019
Kabupaten Bandung,0,laki-laki,dokter gigi spesialis,puskesmas,2019
Kabupaten Bandung,61,perempuan,dokter gigi,puskesmas,2019
Kabupaten Bandung,0,perempuan,dokter gigi spesialis,puskesmas,2019
Kabupaten Bandung Barat,6,laki-laki,dokter gigi,puskesmas,2019
Kabupaten Bandung Barat,0,laki-laki,dokter gigi spesialis,puskesmas,2019
Kabupaten Bandung Barat,25,perempuan,dokter gigi,puskesmas,2019
Kabupaten Bandung Barat,0,perempuan,dokter gigi spesialis,puskesmas,2019
Kabupaten Bekasi,4,laki-laki,dokter gigi,puskesmas,2019
Kabupaten Bekasi,0,laki-laki,dokter gigi spesialis,puskesmas,2019
Kabupaten Bekasi,39,perempuan,dokter gigi,puskesmas,2019
Kabupaten Bekasi,0,perempuan,dokter gigi spesialis,puskesmas,2019
Kabupaten Bogor,5,laki-laki,dokter gigi,puskesmas,2019
Kabupaten Bogor,0,laki-laki,dokter gigi spesialis,puskesmas,2019
Kabupaten Bogor,56,perempuan,dokter gigi,puskesmas,2019
Kabupaten Bogor,0,perempuan,dokter gigi spesialis,puskesmas,2019
Kabupaten Ciamis,4,laki-laki,dokter gigi,puskesmas,2019
Kabupaten Ciamis,0,laki-laki,dokter gigi spesialis,puskesmas,2019
Kabupaten Ciamis,12,perempuan,dokter gigi,puskesmas,2019
Kabupaten Ciamis,0,perempuan,dokter gigi spesialis,puskesmas,2019
Kabupaten Cianjur,5,laki-laki,dokter gigi,puskesmas,2019
Kabupaten Cianjur,0,laki-laki,dokter gigi spesialis,puskesmas,2019
Kabupaten Cianjur,27,perempuan,dokter gigi,puskesmas,2019
Kabupaten Cianjur,0,perempuan,dokter gigi spesialis,puskesmas,2019
Kabupaten Cirebon,9,laki-laki,dokter gigi,puskesmas,2019
Kabupaten Cirebon,0,laki-laki,dokter gigi spesialis,puskesmas,2019
Kabupaten Cirebon,27,perempuan,dokter gigi,puskesmas,2019
Kabupaten Cirebon,0,perempuan,dokter gigi spesialis,puskesmas,2019
Kabupaten Garut,8,laki-laki,dokter gigi,puskesmas,2019
Kabupaten Garut,0,laki-laki,dokter gigi spesialis,puskesmas,2019
Kabupaten Garut,19,perempuan,dokter gigi,puskesmas,2019
Kabupaten Garut,0,perempuan,dokter gigi spesialis,puskesmas,2019
Kabupaten Indramayu,4,laki-laki,dokter gigi,puskesmas,2019
Kabupaten Indramayu,0,laki-laki,dokter gigi spesialis,puskesmas,2019
Kabupaten Indramayu,19,perempuan,dokter gigi,puskesmas,2019
Kabupaten Indramayu,0,perempuan,dokter gigi spesialis,puskesmas,2019
Kabupaten Karawang,7,laki-laki,dokter gigi,puskesmas,2019
Kabupaten Karawang,0,laki-laki,dokter gigi spesialis,puskesmas,2019
Kabupaten Karawang,26,perempuan,dokter gigi,puskesmas,2019
Kabupaten Karawang,0,perempuan,dokter gigi spesialis,puskesmas,2019
Kabupaten Kuningan,5,laki-laki,dokter gigi,puskesmas,2019
Kabupaten Kuningan,0,laki-laki,dokter gigi spesialis,puskesmas,2019
Kabupaten Kuningan,10,perempuan,dokter gigi,puskesmas,2019
Kabupaten Kuningan,0,perempuan,dokter gigi spesialis,puskesmas,2019
Kabupaten Majalengka,4,laki-laki,dokter gigi,puskesmas,2019
Kabupaten Majalengka,0,laki-laki,dokter gigi spesialis,puskesmas,2019
Kabupaten Majalengka,14,perempuan,dokter gigi,puskesmas,2019
Kabupaten Majalengka,0,perempuan,dokter gigi spesialis,puskesmas,2019
Kabupaten Pangandaran,3,laki-laki,dokter gigi,puskesmas,2019
Kabupaten Pangandaran,0,laki-laki,dokter gigi spesialis,puskesmas,2019
Kabupaten Pangandaran,6,perempuan,dokter gigi,puskesmas,2019
Kabupaten Pangandaran,0,perempuan,dokter gigi spesialis,puskesmas,2019
Kabupaten Purwakarta,4,laki-laki,dokter gigi,puskesmas,2019
Kabupaten Purwakarta,0,laki-laki,dokter gigi spesialis,puskesmas,2019
Kabupaten Purwakarta,15,perempuan,dokter gigi,puskesmas,2019
Kabupaten Purwakarta,0,perempuan,dokter gigi spesialis,puskesmas,2019
Kabupaten Subang,1,laki-laki,dokter gigi,puskesmas,2019
Kabupaten Subang,0,laki-laki,dokter gigi spesialis,puskesmas,2019
Kabupaten Subang,18,perempuan,dokter gigi,puskesmas,2019
Kabupaten Subang,0,perempuan,dokter gigi spesialis,puskesmas,2019
Kabupaten Sukabumi,8,laki-laki,dokter gigi,puskesmas,2019
Kabupaten Sukabumi,0,laki-laki,dokter gigi spesialis,puskesmas,2019
Kabupaten Sukabumi,13,perempuan,dokter gigi,puskesmas,2019
Kabupaten Sukabumi,0,perempuan,dokter gigi spesialis,puskesmas,2019
Kabupaten Sumedang,4,laki-laki,dokter gigi,puskesmas,2019
Kabupaten Sumedang,0,laki-laki,dokter gigi spesialis,puskesmas,2019
Kabupaten Sumedang,9,perempuan,dokter gigi,puskesmas,2019
Kabupaten Sumedang,0,perempuan,dokter gigi spesialis,puskesmas,2019
Kabupaten Tasikmalaya,7,laki-laki,dokter gigi,puskesmas,2019
Kabupaten Tasikmalaya,0,laki-laki,dokter gigi spesialis,puskesmas,2019
Kabupaten Tasikmalaya,16,perempuan,dokter gigi,puskesmas,2019
Kabupaten Tasikmalaya,0,perempuan,dokter gigi spesialis,puskesmas,2019
Kota Bandung,13,laki-laki,dokter gigi,puskesmas,2019
Kota Bandung,0,laki-laki,dokter gigi spesialis,puskesmas,2019
Kota Bandung,94,perempuan,dokter gigi,puskesmas,2019
Kota Bandung,0,perempuan,dokter gigi spesialis,puskesmas,2019
Kota Banjar,1,laki-laki,dokter gigi,puskesmas,2019
Kota Banjar,0,laki-laki,dokter gigi spesialis,puskesmas,2019
Kota Banjar,3,perempuan,dokter gigi,puskesmas,2019
Kota Banjar,0,perempuan,dokter gigi spesialis,puskesmas,2019
Kota Bekasi,3,laki-laki,dokter gigi,puskesmas,2019
Kota Bekasi,0,laki-laki,dokter gigi spesialis,puskesmas,2019
Kota Bekasi,70,perempuan,dokter gigi,puskesmas,2019
Kota Bekasi,0,perempuan,dokter gigi spesialis,puskesmas,2019
Kota Bogor,2,laki-laki,dokter gigi,puskesmas,2019
Kota Bogor,0,laki-laki,dokter gigi spesialis,puskesmas,2019
Kota Bogor,41,perempuan,dokter gigi,puskesmas,2019
Kota Bogor,0,perempuan,dokter gigi spesialis,puskesmas,2019
Kota Cimahi,0,laki-laki,dokter gigi,puskesmas,2019
Kota Cimahi,0,laki-laki,dokter gigi spesialis,puskesmas,2019
Kota Cimahi,16,perempuan,dokter gigi,puskesmas,2019
Kota Cimahi,0,perempuan,dokter gigi spesialis,puskesmas,2019
Kota Cirebon,3,laki-laki,dokter gigi,puskesmas,2019
Kota Cirebon,0,laki-laki,dokter gigi spesialis,puskesmas,2019
Kota Cirebon,18,perempuan,dokter gigi,puskesmas,2019
Kota Cirebon,0,perempuan,dokter gigi spesialis,puskesmas,2019
Kota Depok,1,laki-laki,dokter gigi,puskesmas,2019
Kota Depok,0,laki-laki,dokter gigi spesialis,puskesmas,2019
Kota Depok,50,perempuan,dokter gigi,puskesmas,2019
Kota Depok,0,perempuan,dokter gigi spesialis,puskesmas,2019
Kota Sukabumi,4,laki-laki,dokter gigi,puskesmas,2019
Kota Sukabumi,0,laki-laki,dokter gigi spesialis,puskesmas,2019
Kota Sukabumi,5,perempuan,dokter gigi,puskesmas,2019
Kota Sukabumi,0,perempuan,dokter gigi spesialis,puskesmas,2019
Kota Tasikmalaya,5,laki-laki,dokter gigi,puskesmas,2019
Kota Tasikmalaya,0,laki-laki,dokter gigi spesialis,puskesmas,2019
Kota Tasikmalaya,17,perempuan,dokter gigi,puskesmas,2019
Kota Tasikmalaya,0,perempuan,dokter gigi spesialis,puskesmas,2019
Kabupaten Bandung,3,laki-laki,dokter gigi,rumah sakit,2019
Kabupaten Bandung,2,laki-laki,dokter gigi spesialis,rumah sakit,2019
Kabupaten Bandung,9,perempuan,dokter gigi,rumah sakit,2019
Kabupaten Bandung,5,perempuan,dokter gigi spesialis,rumah sakit,2019
Kabupaten Bandung Barat,6,laki-laki,dokter gigi,rumah sakit,2019
Kabupaten Bandung Barat,2,laki-laki,dokter gigi spesialis,rumah sakit,2019
Kabupaten Bandung Barat,13,perempuan,dokter gigi,rumah sakit,2019
Kabupaten Bandung Barat,1,perempuan,dokter gigi spesialis,rumah sakit,2019
Kabupaten Bekasi,3,laki-laki,dokter gigi,rumah sakit,2019
Kabupaten Bekasi,1,laki-laki,dokter gigi spesialis,rumah sakit,2019
Kabupaten Bekasi,28,perempuan,dokter gigi,rumah sakit,2019
Kabupaten Bekasi,1,perempuan,dokter gigi spesialis,rumah sakit,2019
Kabupaten Bogor,4,laki-laki,dokter gigi,rumah sakit,2019
Kabupaten Bogor,5,laki-laki,dokter gigi spesialis,rumah sakit,2019
Kabupaten Bogor,13,perempuan,dokter gigi,rumah sakit,2019
Kabupaten Bogor,10,perempuan,dokter gigi spesialis,rumah sakit,2019
Kabupaten Ciamis,2,laki-laki,dokter gigi,rumah sakit,2019
Kabupaten Ciamis,0,laki-laki,dokter gigi spesialis,rumah sakit,2019
Kabupaten Ciamis,4,perempuan,dokter gigi,rumah sakit,2019
Kabupaten Ciamis,2,perempuan,dokter gigi spesialis,rumah sakit,2019
Kabupaten Cianjur,2,laki-laki,dokter gigi,rumah sakit,2019
Kabupaten Cianjur,1,laki-laki,dokter gigi spesialis,rumah sakit,2019
Kabupaten Cianjur,7,perempuan,dokter gigi,rumah sakit,2019
Kabupaten Cianjur,3,perempuan,dokter gigi spesialis,rumah sakit,2019
Kabupaten Cirebon,2,laki-laki,dokter gigi,rumah sakit,2019
Kabupaten Cirebon,1,laki-laki,dokter gigi spesialis,rumah sakit,2019
Kabupaten Cirebon,5,perempuan,dokter gigi,rumah sakit,2019
Kabupaten Cirebon,3,perempuan,dokter gigi spesialis,rumah sakit,2019
Kabupaten Garut,0,laki-laki,dokter gigi,rumah sakit,2019
Kabupaten Garut,0,laki-laki,dokter gigi spesialis,rumah sakit,2019
Kabupaten Garut,3,perempuan,dokter gigi,rumah sakit,2019
Kabupaten Garut,2,perempuan,dokter gigi spesialis,rumah sakit,2019
Kabupaten Indramayu,1,laki-laki,dokter gigi,rumah sakit,2019
Kabupaten Indramayu,1,laki-laki,dokter gigi spesialis,rumah sakit,2019
Kabupaten Indramayu,6,perempuan,dokter gigi,rumah sakit,2019
Kabupaten Indramayu,2,perempuan,dokter gigi spesialis,rumah sakit,2019
Kabupaten Karawang,11,laki-laki,dokter gigi,rumah sakit,2019
Kabupaten Karawang,6,laki-laki,dokter gigi spesialis,rumah sakit,2019
Kabupaten Karawang,17,perempuan,dokter gigi,rumah sakit,2019
Kabupaten Karawang,5,perempuan,dokter gigi spesialis,rumah sakit,2019
Kabupaten Kuningan,4,laki-laki,dokter gigi,rumah sakit,2019
Kabupaten Kuningan,0,laki-laki,dokter gigi spesialis,rumah sakit,2019
Kabupaten Kuningan,7,perempuan,dokter gigi,rumah sakit,2019
Kabupaten Kuningan,1,perempuan,dokter gigi spesialis,rumah sakit,2019
Kabupaten Majalengka,1,laki-laki,dokter gigi,rumah sakit,2019
Kabupaten Majalengka,0,laki-laki,dokter gigi spesialis,rumah sakit,2019
Kabupaten Majalengka,6,perempuan,dokter gigi,rumah sakit,2019
Kabupaten Majalengka,0,perempuan,dokter gigi spesialis,rumah sakit,2019
Kabupaten Purwakarta,1,laki-laki,dokter gigi,rumah sakit,2019
Kabupaten Purwakarta,1,laki-laki,dokter gigi spesialis,rumah sakit,2019
Kabupaten Purwakarta,1,perempuan,dokter gigi,rumah sakit,2019
Kabupaten Purwakarta,0,perempuan,dokter gigi spesialis,rumah sakit,2019
Kabupaten Subang,3,laki-laki,dokter gigi,rumah sakit,2019
Kabupaten Subang,1,laki-laki,dokter gigi spesialis,rumah sakit,2019
Kabupaten Subang,6,perempuan,dokter gigi,rumah sakit,2019
Kabupaten Subang,0,perempuan,dokter gigi spesialis,rumah sakit,2019
Kabupaten Sukabumi,6,laki-laki,dokter gigi,rumah sakit,2019
Kabupaten Sukabumi,3,laki-laki,dokter gigi spesialis,rumah sakit,2019
Kabupaten Sukabumi,13,perempuan,dokter gigi,rumah sakit,2019
Kabupaten Sukabumi,1,perempuan,dokter gigi spesialis,rumah sakit,2019
Kabupaten Sumedang,0,laki-laki,dokter gigi,rumah sakit,2019
Kabupaten Sumedang,0,laki-laki,dokter gigi spesialis,rumah sakit,2019
Kabupaten Sumedang,2,perempuan,dokter gigi,rumah sakit,2019
Kabupaten Sumedang,0,perempuan,dokter gigi spesialis,rumah sakit,2019
Kabupaten Tasikmalaya,2,laki-laki,dokter gigi,rumah sakit,2019
Kabupaten Tasikmalaya,0,laki-laki,dokter gigi spesialis,rumah sakit,2019
Kabupaten Tasikmalaya,1,perempuan,dokter gigi,rumah sakit,2019
Kabupaten Tasikmalaya,0,perempuan,dokter gigi spesialis,rumah sakit,2019
Kota Bandung,14,laki-laki,dokter gigi,rumah sakit,2019
Kota Bandung,16,laki-laki,dokter gigi spesialis,rumah sakit,2019
Kota Bandung,55,perempuan,dokter gigi,rumah sakit,2019
Kota Bandung,27,perempuan,dokter gigi spesialis,rumah sakit,2019
Kota Banjar,1,laki-laki,dokter gigi,rumah sakit,2019
Kota Banjar,0,laki-laki,dokter gigi spesialis,rumah sakit,2019
Kota Banjar,0,perempuan,dokter gigi,rumah sakit,2019
Kota Banjar,0,perempuan,dokter gigi spesialis,rumah sakit,2019
Kota Bekasi,7,laki-laki,dokter gigi,rumah sakit,2019
Kota Bekasi,8,laki-laki,dokter gigi spesialis,rumah sakit,2019
Kota Bekasi,44,perempuan,dokter gigi,rumah sakit,2019
Kota Bekasi,9,perempuan,dokter gigi spesialis,rumah sakit,2019
Kota Bogor,8,laki-laki,dokter gigi,rumah sakit,2019
Kota Bogor,11,laki-laki,dokter gigi spesialis,rumah sakit,2019
Kota Bogor,54,perempuan,dokter gigi,rumah sakit,2019
Kota Bogor,18,perempuan,dokter gigi spesialis,rumah sakit,2019
Kota Cimahi,0,laki-laki,dokter gigi,rumah sakit,2019
Kota Cimahi,3,laki-laki,dokter gigi spesialis,rumah sakit,2019
Kota Cimahi,9,perempuan,dokter gigi,rumah sakit,2019
Kota Cimahi,2,perempuan,dokter gigi spesialis,rumah sakit,2019
Kota Cirebon,4,laki-laki,dokter gigi,rumah sakit,2019
Kota Cirebon,6,laki-laki,dokter gigi spesialis,rumah sakit,2019
Kota Cirebon,13,perempuan,dokter gigi,rumah sakit,2019
Kota Cirebon,6,perempuan,dokter gigi spesialis,rumah sakit,2019
Kota Depok,5,laki-laki,dokter gigi,rumah sakit,2019
Kota Depok,6,laki-laki,dokter gigi spesialis,rumah sakit,2019
Kota Depok,41,perempuan,dokter gigi,rumah sakit,2019
Kota Depok,29,perempuan,dokter gigi spesialis,rumah sakit,2019
Kota Sukabumi,3,laki-laki,dokter gigi,rumah sakit,2019
Kota Sukabumi,1,laki-laki,dokter gigi spesialis,rumah sakit,2019
Kota Sukabumi,12,perempuan,dokter gigi,rumah sakit,2019
Kota Sukabumi,0,perempuan,dokter gigi spesialis,rumah sakit,2019
Kota Tasikmalaya,3,laki-laki,dokter gigi,rumah sakit,2019
Kota Tasikmalaya,2,laki-laki,dokter gigi spesialis,rumah sakit,2019
Kota Tasikmalaya,1,perempuan,dokter gigi,rumah sakit,2019
Kota Tasikmalaya,5,perempuan,dokter gigi spesialis,rumah sakit,2019
Kabupaten Bogor,0,laki-laki,dokter gigi,klinik diklat kesehatan,2019
Kabupaten Bogor,0,laki-laki,dokter gigi spesialis,klinik diklat kesehatan,2019
Kabupaten Bogor,1,perempuan,dokter gigi,klinik diklat kesehatan,2019
Kabupaten Bogor,0,perempuan,dokter gigi spesialis,klinik diklat kesehatan,2019
Kabupaten Garut,1,laki-laki,dokter gigi,klinik diklat kesehatan,2019
Kabupaten Garut,0,laki-laki,dokter gigi spesialis,klinik diklat kesehatan,2019
Kabupaten Garut,0,perempuan,dokter gigi,klinik diklat kesehatan,2019
Kabupaten Garut,0,perempuan,dokter gigi spesialis,klinik diklat kesehatan,2019
Kabupaten Bandung,16,laki-laki,dokter gigi,puskesmas,2020
Kabupaten Bandung,0,laki-laki,dokter gigi spesialis,puskesmas,2020
Kabupaten Bandung,62,perempuan,dokter gigi,puskesmas,2020
Kabupaten Bandung,0,perempuan,dokter gigi spesialis,puskesmas,2020
Kabupaten Bandung Barat,7,laki-laki,dokter gigi,puskesmas,2020
Kabupaten Bandung Barat,0,laki-laki,dokter gigi spesialis,puskesmas,2020
Kabupaten Bandung Barat,26,perempuan,dokter gigi,puskesmas,2020
Kabupaten Bandung Barat,0,perempuan,dokter gigi spesialis,puskesmas,2020
Kabupaten Bekasi,4,laki-laki,dokter gigi,puskesmas,2020
Kabupaten Bekasi,0,laki-laki,dokter gigi spesialis,puskesmas,2020
Kabupaten Bekasi,44,perempuan,dokter gigi,puskesmas,2020
Kabupaten Bekasi,0,perempuan,dokter gigi spesialis,puskesmas,2020
Kabupaten Bogor,5,laki-laki,dokter gigi,puskesmas,2020
Kabupaten Bogor,0,laki-laki,dokter gigi spesialis,puskesmas,2020
Kabupaten Bogor,56,perempuan,dokter gigi,puskesmas,2020
Kabupaten Bogor,0,perempuan,dokter gigi spesialis,puskesmas,2020
Kabupaten Ciamis,3,laki-laki,dokter gigi,puskesmas,2020
Kabupaten Ciamis,0,laki-laki,dokter gigi spesialis,puskesmas,2020
Kabupaten Ciamis,13,perempuan,dokter gigi,puskesmas,2020
Kabupaten Ciamis,0,perempuan,dokter gigi spesialis,puskesmas,2020
Kabupaten Cianjur,15,laki-laki,dokter gigi,puskesmas,2020
Kabupaten Cianjur,0,laki-laki,dokter gigi spesialis,puskesmas,2020
Kabupaten Cianjur,51,perempuan,dokter gigi,puskesmas,2020
Kabupaten Cianjur,0,perempuan,dokter gigi spesialis,puskesmas,2020
Kabupaten Cirebon,9,laki-laki,dokter gigi,puskesmas,2020
Kabupaten Cirebon,0,laki-laki,dokter gigi spesialis,puskesmas,2020
Kabupaten Cirebon,31,perempuan,dokter gigi,puskesmas,2020
Kabupaten Cirebon,0,perempuan,dokter gigi spesialis,puskesmas,2020
Kabupaten Garut,7,laki-laki,dokter gigi,puskesmas,2020
Kabupaten Garut,0,laki-laki,dokter gigi spesialis,puskesmas,2020
Kabupaten Garut,16,perempuan,dokter gigi,puskesmas,2020
Kabupaten Garut,0,perempuan,dokter gigi spesialis,puskesmas,2020
Kabupaten Indramayu,4,laki-laki,dokter gigi,puskesmas,2020
Kabupaten Indramayu,0,laki-laki,dokter gigi spesialis,puskesmas,2020
Kabupaten Indramayu,25,perempuan,dokter gigi,puskesmas,2020
Kabupaten Indramayu,0,perempuan,dokter gigi spesialis,puskesmas,2020
Kabupaten Karawang,7,laki-laki,dokter gigi,puskesmas,2020
Kabupaten Karawang,0,laki-laki,dokter gigi spesialis,puskesmas,2020
Kabupaten Karawang,31,perempuan,dokter gigi,puskesmas,2020
Kabupaten Karawang,0,perempuan,dokter gigi spesialis,puskesmas,2020
Kabupaten Kuningan,5,laki-laki,dokter gigi,puskesmas,2020
Kabupaten Kuningan,0,laki-laki,dokter gigi spesialis,puskesmas,2020
Kabupaten Kuningan,11,perempuan,dokter gigi,puskesmas,2020
Kabupaten Kuningan,0,perempuan,dokter gigi spesialis,puskesmas,2020
Kabupaten Majalengka,3,laki-laki,dokter gigi,puskesmas,2020
Kabupaten Majalengka,0,laki-laki,dokter gigi spesialis,puskesmas,2020
Kabupaten Majalengka,11,perempuan,dokter gigi,puskesmas,2020
Kabupaten Majalengka,0,perempuan,dokter gigi spesialis,puskesmas,2020
Kabupaten Pangandaran,6,laki-laki,dokter gigi,puskesmas,2020
Kabupaten Pangandaran,0,laki-laki,dokter gigi spesialis,puskesmas,2020
Kabupaten Pangandaran,5,perempuan,dokter gigi,puskesmas,2020
Kabupaten Pangandaran,0,perempuan,dokter gigi spesialis,puskesmas,2020
Kabupaten Purwakarta,2,laki-laki,dokter gigi,puskesmas,2020
Kabupaten Purwakarta,0,laki-laki,dokter gigi spesialis,puskesmas,2020
Kabupaten Purwakarta,18,perempuan,dokter gigi,puskesmas,2020
Kabupaten Purwakarta,0,perempuan,dokter gigi spesialis,puskesmas,2020
Kabupaten Subang,1,laki-laki,dokter gigi,puskesmas,2020
Kabupaten Subang,0,laki-laki,dokter gigi spesialis,puskesmas,2020
Kabupaten Subang,18,perempuan,dokter gigi,puskesmas,2020
Kabupaten Subang,0,perempuan,dokter gigi spesialis,puskesmas,2020
Kabupaten Sukabumi,9,laki-laki,dokter gigi,puskesmas,2020
Kabupaten Sukabumi,0,laki-laki,dokter gigi spesialis,puskesmas,2020
Kabupaten Sukabumi,14,perempuan,dokter gigi,puskesmas,2020
Kabupaten Sukabumi,0,perempuan,dokter gigi spesialis,puskesmas,2020
Kabupaten Sumedang,4,laki-laki,dokter gigi,puskesmas,2020
Kabupaten Sumedang,0,laki-laki,dokter gigi spesialis,puskesmas,2020
Kabupaten Sumedang,9,perempuan,dokter gigi,puskesmas,2020
Kabupaten Sumedang,0,perempuan,dokter gigi spesialis,puskesmas,2020
Kabupaten Tasikmalaya,9,laki-laki,dokter gigi,puskesmas,2020
Kabupaten Tasikmalaya,0,laki-laki,dokter gigi spesialis,puskesmas,2020
Kabupaten Tasikmalaya,15,perempuan,dokter gigi,puskesmas,2020
Kabupaten Tasikmalaya,0,perempuan,dokter gigi spesialis,puskesmas,2020
Kota Bandung,14,laki-laki,dokter gigi,puskesmas,2020
Kota Bandung,0,laki-laki,dokter gigi spesialis,puskesmas,2020
Kota Bandung,84,perempuan,dokter gigi,puskesmas,2020
Kota Bandung,0,perempuan,dokter gigi spesialis,puskesmas,2020
Kota Banjar,2,laki-laki,dokter gigi,puskesmas,2020
Kota Banjar,0,laki-laki,dokter gigi spesialis,puskesmas,2020
Kota Banjar,8,perempuan,dokter gigi,puskesmas,2020
Kota Banjar,0,perempuan,dokter gigi spesialis,puskesmas,2020
Kota Bekasi,2,laki-laki,dokter gigi,puskesmas,2020
Kota Bekasi,0,laki-laki,dokter gigi spesialis,puskesmas,2020
Kota Bekasi,80,perempuan,dokter gigi,puskesmas,2020
Kota Bekasi,0,perempuan,dokter gigi spesialis,puskesmas,2020
Kota Bogor,2,laki-laki,dokter gigi,puskesmas,2020
Kota Bogor,0,laki-laki,dokter gigi spesialis,puskesmas,2020
Kota Bogor,40,perempuan,dokter gigi,puskesmas,2020
Kota Bogor,0,perempuan,dokter gigi spesialis,puskesmas,2020
Kota Cimahi,0,laki-laki,dokter gigi,puskesmas,2020
Kota Cimahi,0,laki-laki,dokter gigi spesialis,puskesmas,2020
Kota Cimahi,19,perempuan,dokter gigi,puskesmas,2020
Kota Cimahi,0,perempuan,dokter gigi spesialis,puskesmas,2020
Kota Cirebon,8,laki-laki,dokter gigi,puskesmas,2020
Kota Cirebon,0,laki-laki,dokter gigi spesialis,puskesmas,2020
Kota Cirebon,35,perempuan,dokter gigi,puskesmas,2020
Kota Cirebon,0,perempuan,dokter gigi spesialis,puskesmas,2020
Kota Depok,1,laki-laki,dokter gigi,puskesmas,2020
Kota Depok,1,laki-laki,dokter gigi spesialis,puskesmas,2020
Kota Depok,47,perempuan,dokter gigi,puskesmas,2020
Kota Depok,1,perempuan,dokter gigi spesialis,puskesmas,2020
Kota Sukabumi,4,laki-laki,dokter gigi,puskesmas,2020
Kota Sukabumi,0,laki-laki,dokter gigi spesialis,puskesmas,2020
Kota Sukabumi,8,perempuan,dokter gigi,puskesmas,2020
Kota Sukabumi,0,perempuan,dokter gigi spesialis,puskesmas,2020
Kota Tasikmalaya,5,laki-laki,dokter gigi,puskesmas,2020
Kota Tasikmalaya,0,laki-laki,dokter gigi spesialis,puskesmas,2020
Kota Tasikmalaya,17,perempuan,dokter gigi,puskesmas,2020
Kota Tasikmalaya,0,perempuan,dokter gigi spesialis,puskesmas,2020
Kabupaten Bandung,8,laki-laki,dokter gigi,rumah sakit,2020
Kabupaten Bandung,2,laki-laki,dokter gigi spesialis,rumah sakit,2020
Kabupaten Bandung,17,perempuan,dokter gigi,rumah sakit,2020
Kabupaten Bandung,9,perempuan,dokter gigi spesialis,rumah sakit,2020
Kabupaten Bandung Barat,5,laki-laki,dokter gigi,rumah sakit,2020
Kabupaten Bandung Barat,3,laki-laki,dokter gigi spesialis,rumah sakit,2020
Kabupaten Bandung Barat,10,perempuan,dokter gigi,rumah sakit,2020
Kabupaten Bandung Barat,1,perempuan,dokter gigi spesialis,rumah sakit,2020
Kabupaten Bekasi,27,laki-laki,dokter gigi,rumah sakit,2020
Kabupaten Bekasi,11,laki-laki,dokter gigi spesialis,rumah sakit,2020
Kabupaten Bekasi,95,perempuan,dokter gigi,rumah sakit,2020
Kabupaten Bekasi,28,perempuan,dokter gigi spesialis,rumah sakit,2020
Kabupaten Bogor,23,laki-laki,dokter gigi,rumah sakit,2020
Kabupaten Bogor,16,laki-laki,dokter gigi spesialis,rumah sakit,2020
Kabupaten Bogor,59,perempuan,dokter gigi,rumah sakit,2020
Kabupaten Bogor,37,perempuan,dokter gigi spesialis,rumah sakit,2020
Kabupaten Ciamis,2,laki-laki,dokter gigi,rumah sakit,2020
Kabupaten Ciamis,0,laki-laki,dokter gigi spesialis,rumah sakit,2020
Kabupaten Ciamis,6,perempuan,dokter gigi,rumah sakit,2020
Kabupaten Ciamis,2,perempuan,dokter gigi spesialis,rumah sakit,2020
Kabupaten Cianjur,15,laki-laki,dokter gigi,rumah sakit,2020
Kabupaten Cianjur,1,laki-laki,dokter gigi spesialis,rumah sakit,2020
Kabupaten Cianjur,51,perempuan,dokter gigi,rumah sakit,2020
Kabupaten Cianjur,2,perempuan,dokter gigi spesialis,rumah sakit,2020
Kabupaten Cirebon,3,laki-laki,dokter gigi,rumah sakit,2020
Kabupaten Cirebon,6,laki-laki,dokter gigi spesialis,rumah sakit,2020
Kabupaten Cirebon,18,perempuan,dokter gigi,rumah sakit,2020
Kabupaten Cirebon,7,perempuan,dokter gigi spesialis,rumah sakit,2020
Kabupaten Garut,1,laki-laki,dokter gigi,rumah sakit,2020
Kabupaten Garut,0,laki-laki,dokter gigi spesialis,rumah sakit,2020
Kabupaten Garut,4,perempuan,dokter gigi,rumah sakit,2020
Kabupaten Garut,2,perempuan,dokter gigi spesialis,rumah sakit,2020
Kabupaten Indramayu,3,laki-laki,dokter gigi,rumah sakit,2020
Kabupaten Indramayu,1,laki-laki,dokter gigi spesialis,rumah sakit,2020
Kabupaten Indramayu,11,perempuan,dokter gigi,rumah sakit,2020
Kabupaten Indramayu,4,perempuan,dokter gigi spesialis,rumah sakit,2020
Kabupaten Karawang,15,laki-laki,dokter gigi,rumah sakit,2020
Kabupaten Karawang,12,laki-laki,dokter gigi spesialis,rumah sakit,2020
Kabupaten Karawang,31,perempuan,dokter gigi,rumah sakit,2020
Kabupaten Karawang,8,perempuan,dokter gigi spesialis,rumah sakit,2020
Kabupaten Kuningan,7,laki-laki,dokter gigi,rumah sakit,2020
Kabupaten Kuningan,0,laki-laki,dokter gigi spesialis,rumah sakit,2020
Kabupaten Kuningan,12,perempuan,dokter gigi,rumah sakit,2020
Kabupaten Kuningan,1,perempuan,dokter gigi spesialis,rumah sakit,2020
Kabupaten Majalengka,1,laki-laki,dokter gigi,rumah sakit,2020
Kabupaten Majalengka,1,laki-laki,dokter gigi spesialis,rumah sakit,2020
Kabupaten Majalengka,5,perempuan,dokter gigi,rumah sakit,2020
Kabupaten Majalengka,0,perempuan,dokter gigi spesialis,rumah sakit,2020
Kabupaten Pangandaran,1,laki-laki,dokter gigi,rumah sakit,2020
Kabupaten Pangandaran,1,laki-laki,dokter gigi spesialis,rumah sakit,2020
Kabupaten Pangandaran,0,perempuan,dokter gigi,rumah sakit,2020
Kabupaten Pangandaran,1,perempuan,dokter gigi spesialis,rumah sakit,2020
Kabupaten Purwakarta,2,laki-laki,dokter gigi,rumah sakit,2020
Kabupaten Purwakarta,2,laki-laki,dokter gigi spesialis,rumah sakit,2020
Kabupaten Purwakarta,14,perempuan,dokter gigi,rumah sakit,2020
Kabupaten Purwakarta,2,perempuan,dokter gigi spesialis,rumah sakit,2020
Kabupaten Subang,5,laki-laki,dokter gigi,rumah sakit,2020
Kabupaten Subang,1,laki-laki,dokter gigi spesialis,rumah sakit,2020
Kabupaten Subang,4,perempuan,dokter gigi,rumah sakit,2020
Kabupaten Subang,0,perempuan,dokter gigi spesialis,rumah sakit,2020
Kabupaten Sukabumi,4,laki-laki,dokter gigi,rumah sakit,2020
Kabupaten Sukabumi,5,laki-laki,dokter gigi spesialis,rumah sakit,2020
Kabupaten Sukabumi,15,perempuan,dokter gigi,rumah sakit,2020
Kabupaten Sukabumi,1,perempuan,dokter gigi spesialis,rumah sakit,2020
Kabupaten Sumedang,2,laki-laki,dokter gigi,rumah sakit,2020
Kabupaten Sumedang,1,laki-laki,dokter gigi spesialis,rumah sakit,2020
Kabupaten Sumedang,2,perempuan,dokter gigi,rumah sakit,2020
Kabupaten Sumedang,0,perempuan,dokter gigi spesialis,rumah sakit,2020
Kabupaten Tasikmalaya,0,laki-laki,dokter gigi,rumah sakit,2020
Kabupaten Tasikmalaya,0,laki-laki,dokter gigi spesialis,rumah sakit,2020
Kabupaten Tasikmalaya,1,perempuan,dokter gigi,rumah sakit,2020
Kabupaten Tasikmalaya,0,perempuan,dokter gigi spesialis,rumah sakit,2020
Kota Bandung,0,laki-laki,dokter gigi,rumah sakit,2020
Kota Bandung,0,laki-laki,dokter gigi spesialis,rumah sakit,2020
Kota Bandung,0,perempuan,dokter gigi,rumah sakit,2020
Kota Bandung,0,perempuan,dokter gigi spesialis,rumah sakit,2020
Kota Banjar,1,laki-laki,dokter gigi,rumah sakit,2020
Kota Banjar,0,laki-laki,dokter gigi spesialis,rumah sakit,2020
Kota Banjar,2,perempuan,dokter gigi,rumah sakit,2020
Kota Banjar,1,perempuan,dokter gigi spesialis,rumah sakit,2020
Kota Bekasi,18,laki-laki,dokter gigi,rumah sakit,2020
Kota Bekasi,8,laki-laki,dokter gigi spesialis,rumah sakit,2020
Kota Bekasi,72,perempuan,dokter gigi,rumah sakit,2020
Kota Bekasi,36,perempuan,dokter gigi spesialis,rumah sakit,2020
Kota Bogor,12,laki-laki,dokter gigi,rumah sakit,2020
Kota Bogor,24,laki-laki,dokter gigi spesialis,rumah sakit,2020
Kota Bogor,60,perempuan,dokter gigi,rumah sakit,2020
Kota Bogor,35,perempuan,dokter gigi spesialis,rumah sakit,2020
Kota Cimahi,3,laki-laki,dokter gigi,rumah sakit,2020
Kota Cimahi,10,laki-laki,dokter gigi spesialis,rumah sakit,2020
Kota Cimahi,23,perempuan,dokter gigi,rumah sakit,2020
Kota Cimahi,20,perempuan,dokter gigi spesialis,rumah sakit,2020
Kota Cirebon,6,laki-laki,dokter gigi,rumah sakit,2020
Kota Cirebon,9,laki-laki,dokter gigi spesialis,rumah sakit,2020
Kota Cirebon,14,perempuan,dokter gigi,rumah sakit,2020
Kota Cirebon,7,perempuan,dokter gigi spesialis,rumah sakit,2020
Kota Depok,22,laki-laki,dokter gigi,rumah sakit,2020
Kota Depok,36,laki-laki,dokter gigi spesialis,rumah sakit,2020
Kota Depok,73,perempuan,dokter gigi,rumah sakit,2020
Kota Depok,82,perempuan,dokter gigi spesialis,rumah sakit,2020
Kota Sukabumi,2,laki-laki,dokter gigi,rumah sakit,2020
Kota Sukabumi,1,laki-laki,dokter gigi spesialis,rumah sakit,2020
Kota Sukabumi,12,perempuan,dokter gigi,rumah sakit,2020
Kota Sukabumi,1,perempuan,dokter gigi spesialis,rumah sakit,2020
Kota Tasikmalaya,5,laki-laki,dokter gigi,rumah sakit,2020
Kota Tasikmalaya,2,laki-laki,dokter gigi spesialis,rumah sakit,2020
Kota Tasikmalaya,8,perempuan,dokter gigi,rumah sakit,2020
Kota Tasikmalaya,3,perempuan,dokter gigi spesialis,rumah sakit,2020
Kabupaten Bekasi,31,laki-laki,dokter gigi,klinik diklat kesehatan,2020
Kabupaten Bekasi,11,laki-laki,dokter gigi spesialis,klinik diklat kesehatan,2020
Kabupaten Bekasi,139,perempuan,dokter gigi,klinik diklat kesehatan,2020
Kabupaten Bekasi,28,perempuan,dokter gigi spesialis,klinik diklat kesehatan,2020
Kota Cimahi,16,laki-laki,dokter gigi,klinik diklat kesehatan,2020
Kota Cimahi,1,laki-laki,dokter gigi spesialis,klinik diklat kesehatan,2020
Kota Cimahi,21,perempuan,dokter gigi,klinik diklat kesehatan,2020
Kota Cimahi,0,perempuan,dokter gigi spesialis,klinik diklat kesehatan,2020
Kota Sukabumi,3,laki-laki,dokter gigi,klinik diklat kesehatan,2020
Kota Sukabumi,0,laki-laki,dokter gigi spesialis,klinik diklat kesehatan,2020
Kota Sukabumi,14,perempuan,dokter gigi,klinik diklat kesehatan,2020
Kota Sukabumi,0,perempuan,dokter gigi spesialis,klinik diklat kesehatan,2020
Kota Bandung,4,laki-laki,dokter gigi,klinik DINKES,2020
Kota Bandung,0,laki-laki,dokter gigi spesialis,klinik DINKES,2020
Kota Bandung,16,perempuan,dokter gigi,klinik DINKES,2020
Kota Bandung,0,perempuan,dokter gigi spesialis,klinik DINKES,2020
Kota Sukabumi,3,laki-laki,dokter gigi,klinik DINKES,2020
Kota Sukabumi,0,laki-laki,dokter gigi spesialis,klinik DINKES,2020
Kota Sukabumi,14,perempuan,dokter gigi,klinik DINKES,2020
Kota Sukabumi,0,perempuan,dokter gigi spesialis,klinik DINKES,2020
Kota Tasikmalaya,24,laki-laki,dokter gigi,klinik DINKES,2020
Kota Tasikmalaya,18,laki-laki,dokter gigi spesialis,klinik DINKES,2020
Kota Tasikmalaya,44,perempuan,dokter gigi,klinik DINKES,2020
Kota Tasikmalaya,20,perempuan,dokter gigi spesialis,klinik DINKES,2020
Kabupaten Bandung,11,laki-laki,dokter gigi,puskesmas,2021
Kabupaten Bandung,0,laki-laki,dokter gigi spesialis,puskesmas,2021
Kabupaten Bandung,62,perempuan,dokter gigi,puskesmas,2021
Kabupaten Bandung,0,perempuan,dokter gigi spesialis,puskesmas,2021
Kabupaten Bandung Barat,7,laki-laki,dokter gigi,puskesmas,2021
Kabupaten Bandung Barat,0,laki-laki,dokter gigi spesialis,puskesmas,2021
Kabupaten Bandung Barat,26,perempuan,dokter gigi,puskesmas,2021
Kabupaten Bandung Barat,0,perempuan,dokter gigi spesialis,puskesmas,2021
Kabupaten Bekasi,4,laki-laki,dokter gigi,puskesmas,2021
Kabupaten Bekasi,0,laki-laki,dokter gigi spesialis,puskesmas,2021
Kabupaten Bekasi,42,perempuan,dokter gigi,puskesmas,2021
Kabupaten Bekasi,0,perempuan,dokter gigi spesialis,puskesmas,2021
Kabupaten Bogor,6,laki-laki,dokter gigi,puskesmas,2021
Kabupaten Bogor,0,laki-laki,dokter gigi spesialis,puskesmas,2021
Kabupaten Bogor,62,perempuan,dokter gigi,puskesmas,2021
Kabupaten Bogor,0,perempuan,dokter gigi spesialis,puskesmas,2021
Kabupaten Ciamis,6,laki-laki,dokter gigi,puskesmas,2021
Kabupaten Ciamis,0,laki-laki,dokter gigi spesialis,puskesmas,2021
Kabupaten Ciamis,21,perempuan,dokter gigi,puskesmas,2021
Kabupaten Ciamis,0,perempuan,dokter gigi spesialis,puskesmas,2021
Kabupaten Cianjur,15,laki-laki,dokter gigi,puskesmas,2021
Kabupaten Cianjur,0,laki-laki,dokter gigi spesialis,puskesmas,2021
Kabupaten Cianjur,51,perempuan,dokter gigi,puskesmas,2021
Kabupaten Cianjur,0,perempuan,dokter gigi spesialis,puskesmas,2021
Kabupaten Cirebon,11,laki-laki,dokter gigi,puskesmas,2021
Kabupaten Cirebon,0,laki-laki,dokter gigi spesialis,puskesmas,2021
Kabupaten Cirebon,32,perempuan,dokter gigi,puskesmas,2021
Kabupaten Cirebon,0,perempuan,dokter gigi spesialis,puskesmas,2021
Kabupaten Garut,7,laki-laki,dokter gigi,puskesmas,2021
Kabupaten Garut,0,laki-laki,dokter gigi spesialis,puskesmas,2021
Kabupaten Garut,21,perempuan,dokter gigi,puskesmas,2021
Kabupaten Garut,0,perempuan,dokter gigi spesialis,puskesmas,2021
Kabupaten Indramayu,7,laki-laki,dokter gigi,puskesmas,2021
Kabupaten Indramayu,0,laki-laki,dokter gigi spesialis,puskesmas,2021
Kabupaten Indramayu,25,perempuan,dokter gigi,puskesmas,2021
Kabupaten Indramayu,0,perempuan,dokter gigi spesialis,puskesmas,2021
Kabupaten Karawang,8,laki-laki,dokter gigi,puskesmas,2021
Kabupaten Karawang,0,laki-laki,dokter gigi spesialis,puskesmas,2021
Kabupaten Karawang,30,perempuan,dokter gigi,puskesmas,2021
Kabupaten Karawang,0,perempuan,dokter gigi spesialis,puskesmas,2021
Kabupaten Kuningan,5,laki-laki,dokter gigi,puskesmas,2021
Kabupaten Kuningan,0,laki-laki,dokter gigi spesialis,puskesmas,2021
Kabupaten Kuningan,11,perempuan,dokter gigi,puskesmas,2021
Kabupaten Kuningan,0,perempuan,dokter gigi spesialis,puskesmas,2021
Kabupaten Majalengka,7,laki-laki,dokter gigi,puskesmas,2021
Kabupaten Majalengka,0,laki-laki,dokter gigi spesialis,puskesmas,2021
Kabupaten Majalengka,11,perempuan,dokter gigi,puskesmas,2021
Kabupaten Majalengka,0,perempuan,dokter gigi spesialis,puskesmas,2021
Kabupaten Pangandaran,6,laki-laki,dokter gigi,puskesmas,2021
Kabupaten Pangandaran,1,laki-laki,dokter gigi spesialis,puskesmas,2021
Kabupaten Pangandaran,6,perempuan,dokter gigi,puskesmas,2021
Kabupaten Pangandaran,1,perempuan,dokter gigi spesialis,puskesmas,2021
Kabupaten Purwakarta,4,laki-laki,dokter gigi,puskesmas,2021
Kabupaten Purwakarta,0,laki-laki,dokter gigi spesialis,puskesmas,2021
Kabupaten Purwakarta,13,perempuan,dokter gigi,puskesmas,2021
Kabupaten Purwakarta,0,perempuan,dokter gigi spesialis,puskesmas,2021
Kabupaten Subang,6,laki-laki,dokter gigi,puskesmas,2021
Kabupaten Subang,1,laki-laki,dokter gigi spesialis,puskesmas,2021
Kabupaten Subang,25,perempuan,dokter gigi,puskesmas,2021
Kabupaten Subang,0,perempuan,dokter gigi spesialis,puskesmas,2021
Kabupaten Sukabumi,10,laki-laki,dokter gigi,puskesmas,2021
Kabupaten Sukabumi,0,laki-laki,dokter gigi spesialis,puskesmas,2021
Kabupaten Sukabumi,19,perempuan,dokter gigi,puskesmas,2021
Kabupaten Sukabumi,0,perempuan,dokter gigi spesialis,puskesmas,2021
Kabupaten Sumedang,3,laki-laki,dokter gigi,puskesmas,2021
Kabupaten Sumedang,0,laki-laki,dokter gigi spesialis,puskesmas,2021
Kabupaten Sumedang,15,perempuan,dokter gigi,puskesmas,2021
Kabupaten Sumedang,0,perempuan,dokter gigi spesialis,puskesmas,2021
Kabupaten Tasikmalaya,6,laki-laki,dokter gigi,puskesmas,2021
Kabupaten Tasikmalaya,0,laki-laki,dokter gigi spesialis,puskesmas,2021
Kabupaten Tasikmalaya,15,perempuan,dokter gigi,puskesmas,2021
Kabupaten Tasikmalaya,0,perempuan,dokter gigi spesialis,puskesmas,2021
Kota Bandung,12,laki-laki,dokter gigi,puskesmas,2021
Kota Bandung,0,laki-laki,dokter gigi spesialis,puskesmas,2021
Kota Bandung,77,perempuan,dokter gigi,puskesmas,2021
Kota Bandung,0,perempuan,dokter gigi spesialis,puskesmas,2021
Kota Banjar,2,laki-laki,dokter gigi,puskesmas,2021
Kota Banjar,0,laki-laki,dokter gigi spesialis,puskesmas,2021
Kota Banjar,6,perempuan,dokter gigi,puskesmas,2021
Kota Banjar,0,perempuan,dokter gigi spesialis,puskesmas,2021
Kota Bekasi,7,laki-laki,dokter gigi,puskesmas,2021
Kota Bekasi,0,laki-laki,dokter gigi spesialis,puskesmas,2021
Kota Bekasi,78,perempuan,dokter gigi,puskesmas,2021
Kota Bekasi,0,perempuan,dokter gigi spesialis,puskesmas,2021
Kota Bogor,1,laki-laki,dokter gigi,puskesmas,2021
Kota Bogor,0,laki-laki,dokter gigi spesialis,puskesmas,2021
Kota Bogor,45,perempuan,dokter gigi,puskesmas,2021
Kota Bogor,0,perempuan,dokter gigi spesialis,puskesmas,2021
Kota Cimahi,0,laki-laki,dokter gigi,puskesmas,2021
Kota Cimahi,0,laki-laki,dokter gigi spesialis,puskesmas,2021
Kota Cimahi,17,perempuan,dokter gigi,puskesmas,2021
Kota Cimahi,0,perempuan,dokter gigi spesialis,puskesmas,2021
Kota Cirebon,8,laki-laki,dokter gigi,puskesmas,2021
Kota Cirebon,0,laki-laki,dokter gigi spesialis,puskesmas,2021
Kota Cirebon,35,perempuan,dokter gigi,puskesmas,2021
Kota Cirebon,0,perempuan,dokter gigi spesialis,puskesmas,2021
Kota Depok,1,laki-laki,dokter gigi,puskesmas,2021
Kota Depok,1,laki-laki,dokter gigi spesialis,puskesmas,2021
Kota Depok,47,perempuan,dokter gigi,puskesmas,2021
Kota Depok,1,perempuan,dokter gigi spesialis,puskesmas,2021
Kota Sukabumi,5,laki-laki,dokter gigi,puskesmas,2021
Kota Sukabumi,0,laki-laki,dokter gigi spesialis,puskesmas,2021
Kota Sukabumi,7,perempuan,dokter gigi,puskesmas,2021
Kota Sukabumi,0,perempuan,dokter gigi spesialis,puskesmas,2021
Kota Tasikmalaya,4,laki-laki,dokter gigi,puskesmas,2021
Kota Tasikmalaya,0,laki-laki,dokter gigi spesialis,puskesmas,2021
Kota Tasikmalaya,18,perempuan,dokter gigi,puskesmas,2021
Kota Tasikmalaya,0,perempuan,dokter gigi spesialis,puskesmas,2021
Kabupaten Bandung,8,laki-laki,dokter gigi,rumah sakit,2021
Kabupaten Bandung,2,laki-laki,dokter gigi spesialis,rumah sakit,2021
Kabupaten Bandung,19,perempuan,dokter gigi,rumah sakit,2021
Kabupaten Bandung,9,perempuan,dokter gigi spesialis,rumah sakit,2021
Kabupaten Bandung Barat,5,laki-laki,dokter gigi,rumah sakit,2021
Kabupaten Bandung Barat,3,laki-laki,dokter gigi spesialis,rumah sakit,2021
Kabupaten Bandung Barat,10,perempuan,dokter gigi,rumah sakit,2021
Kabupaten Bandung Barat,1,perempuan,dokter gigi spesialis,rumah sakit,2021
Kabupaten Bekasi,27,laki-laki,dokter gigi,rumah sakit,2021
Kabupaten Bekasi,12,laki-laki,dokter gigi spesialis,rumah sakit,2021
Kabupaten Bekasi,100,perempuan,dokter gigi,rumah sakit,2021
Kabupaten Bekasi,30,perempuan,dokter gigi spesialis,rumah sakit,2021
Kabupaten Bogor,20,laki-laki,dokter gigi,rumah sakit,2021
Kabupaten Bogor,19,laki-laki,dokter gigi spesialis,rumah sakit,2021
Kabupaten Bogor,67,perempuan,dokter gigi,rumah sakit,2021
Kabupaten Bogor,33,perempuan,dokter gigi spesialis,rumah sakit,2021
Kabupaten Ciamis,2,laki-laki,dokter gigi,rumah sakit,2021
Kabupaten Ciamis,0,laki-laki,dokter gigi spesialis,rumah sakit,2021
Kabupaten Ciamis,6,perempuan,dokter gigi,rumah sakit,2021
Kabupaten Ciamis,2,perempuan,dokter gigi spesialis,rumah sakit,2021
Kabupaten Cianjur,15,laki-laki,dokter gigi,rumah sakit,2021
Kabupaten Cianjur,1,laki-laki,dokter gigi spesialis,rumah sakit,2021
Kabupaten Cianjur,51,perempuan,dokter gigi,rumah sakit,2021
Kabupaten Cianjur,2,perempuan,dokter gigi spesialis,rumah sakit,2021
Kabupaten Cirebon,3,laki-laki,dokter gigi,rumah sakit,2021
Kabupaten Cirebon,7,laki-laki,dokter gigi spesialis,rumah sakit,2021
Kabupaten Cirebon,17,perempuan,dokter gigi,rumah sakit,2021
Kabupaten Cirebon,8,perempuan,dokter gigi spesialis,rumah sakit,2021
Kabupaten Garut,0,laki-laki,dokter gigi,rumah sakit,2021
Kabupaten Garut,0,laki-laki,dokter gigi spesialis,rumah sakit,2021
Kabupaten Garut,3,perempuan,dokter gigi,rumah sakit,2021
Kabupaten Garut,2,perempuan,dokter gigi spesialis,rumah sakit,2021
Kabupaten Indramayu,3,laki-laki,dokter gigi,rumah sakit,2021
Kabupaten Indramayu,1,laki-laki,dokter gigi spesialis,rumah sakit,2021
Kabupaten Indramayu,11,perempuan,dokter gigi,rumah sakit,2021
Kabupaten Indramayu,4,perempuan,dokter gigi spesialis,rumah sakit,2021
Kabupaten Karawang,15,laki-laki,dokter gigi,rumah sakit,2021
Kabupaten Karawang,7,laki-laki,dokter gigi spesialis,rumah sakit,2021
Kabupaten Karawang,31,perempuan,dokter gigi,rumah sakit,2021
Kabupaten Karawang,8,perempuan,dokter gigi spesialis,rumah sakit,2021
Kabupaten Kuningan,7,laki-laki,dokter gigi,rumah sakit,2021
Kabupaten Kuningan,0,laki-laki,dokter gigi spesialis,rumah sakit,2021
Kabupaten Kuningan,12,perempuan,dokter gigi,rumah sakit,2021
Kabupaten Kuningan,1,perempuan,dokter gigi spesialis,rumah sakit,2021
Kabupaten Majalengka,1,laki-laki,dokter gigi,rumah sakit,2021
Kabupaten Majalengka,1,laki-laki,dokter gigi spesialis,rumah sakit,2021
Kabupaten Majalengka,5,perempuan,dokter gigi,rumah sakit,2021
Kabupaten Majalengka,0,perempuan,dokter gigi spesialis,rumah sakit,2021
Kabupaten Pangandaran,1,laki-laki,dokter gigi,rumah sakit,2021
Kabupaten Pangandaran,1,laki-laki,dokter gigi spesialis,rumah sakit,2021
Kabupaten Pangandaran,0,perempuan,dokter gigi,rumah sakit,2021
Kabupaten Pangandaran,1,perempuan,dokter gigi spesialis,rumah sakit,2021
Kabupaten Purwakarta,2,laki-laki,dokter gigi,rumah sakit,2021
Kabupaten Purwakarta,2,laki-laki,dokter gigi spesialis,rumah sakit,2021
Kabupaten Purwakarta,14,perempuan,dokter gigi,rumah sakit,2021
Kabupaten Purwakarta,2,perempuan,dokter gigi spesialis,rumah sakit,2021
Kabupaten Subang,5,laki-laki,dokter gigi,rumah sakit,2021
Kabupaten Subang,1,laki-laki,dokter gigi spesialis,rumah sakit,2021
Kabupaten Subang,6,perempuan,dokter gigi,rumah sakit,2021
Kabupaten Subang,0,perempuan,dokter gigi spesialis,rumah sakit,2021
Kabupaten Sukabumi,8,laki-laki,dokter gigi,rumah sakit,2021
Kabupaten Sukabumi,7,laki-laki,dokter gigi spesialis,rumah sakit,2021
Kabupaten Sukabumi,19,perempuan,dokter gigi,rumah sakit,2021
Kabupaten Sukabumi,1,perempuan,dokter gigi spesialis,rumah sakit,2021
Kabupaten Sumedang,2,laki-laki,dokter gigi,rumah sakit,2021
Kabupaten Sumedang,1,laki-laki,dokter gigi spesialis,rumah sakit,2021
Kabupaten Sumedang,2,perempuan,dokter gigi,rumah sakit,2021
Kabupaten Sumedang,0,perempuan,dokter gigi spesialis,rumah sakit,2021
Kabupaten Tasikmalaya,1,laki-laki,dokter gigi,rumah sakit,2021
Kabupaten Tasikmalaya,0,laki-laki,dokter gigi spesialis,rumah sakit,2021
Kabupaten Tasikmalaya,2,perempuan,dokter gigi,rumah sakit,2021
Kabupaten Tasikmalaya,0,perempuan,dokter gigi spesialis,rumah sakit,2021
Kota Bandung,83,laki-laki,dokter gigi,rumah sakit,2021
Kota Bandung,72,laki-laki,dokter gigi spesialis,rumah sakit,2021
Kota Bandung,218,perempuan,dokter gigi,rumah sakit,2021
Kota Bandung,121,perempuan,dokter gigi spesialis,rumah sakit,2021
Kota Banjar,0,laki-laki,dokter gigi,rumah sakit,2021
Kota Banjar,0,laki-laki,dokter gigi spesialis,rumah sakit,2021
Kota Banjar,1,perempuan,dokter gigi,rumah sakit,2021
Kota Banjar,1,perempuan,dokter gigi spesialis,rumah sakit,2021
Kota Bekasi,29,laki-laki,dokter gigi,rumah sakit,2021
Kota Bekasi,26,laki-laki,dokter gigi spesialis,rumah sakit,2021
Kota Bekasi,110,perempuan,dokter gigi,rumah sakit,2021
Kota Bekasi,57,perempuan,dokter gigi spesialis,rumah sakit,2021
Kota Bogor,12,laki-laki,dokter gigi,rumah sakit,2021
Kota Bogor,18,laki-laki,dokter gigi spesialis,rumah sakit,2021
Kota Bogor,60,perempuan,dokter gigi,rumah sakit,2021
Kota Bogor,33,perempuan,dokter gigi spesialis,rumah sakit,2021
Kota Cimahi,6,laki-laki,dokter gigi,rumah sakit,2021
Kota Cimahi,8,laki-laki,dokter gigi spesialis,rumah sakit,2021
Kota Cimahi,25,perempuan,dokter gigi,rumah sakit,2021
Kota Cimahi,20,perempuan,dokter gigi spesialis,rumah sakit,2021
Kota Cirebon,6,laki-laki,dokter gigi,rumah sakit,2021
Kota Cirebon,9,laki-laki,dokter gigi spesialis,rumah sakit,2021
Kota Cirebon,14,perempuan,dokter gigi,rumah sakit,2021
Kota Cirebon,7,perempuan,dokter gigi spesialis,rumah sakit,2021
Kota Depok,21,laki-laki,dokter gigi,rumah sakit,2021
Kota Depok,29,laki-laki,dokter gigi spesialis,rumah sakit,2021
Kota Depok,63,perempuan,dokter gigi,rumah sakit,2021
Kota Depok,64,perempuan,dokter gigi spesialis,rumah sakit,2021
Kota Sukabumi,4,laki-laki,dokter gigi,rumah sakit,2021
Kota Sukabumi,1,laki-laki,dokter gigi spesialis,rumah sakit,2021
Kota Sukabumi,10,perempuan,dokter gigi,rumah sakit,2021
Kota Sukabumi,4,perempuan,dokter gigi spesialis,rumah sakit,2021
Kota Tasikmalaya,6,laki-laki,dokter gigi,rumah sakit,2021
Kota Tasikmalaya,2,laki-laki,dokter gigi spesialis,rumah sakit,2021
Kota Tasikmalaya,16,perempuan,dokter gigi,rumah sakit,2021
Kota Tasikmalaya,3,perempuan,dokter gigi spesialis,rumah sakit,2021
Kabupaten Bekasi,31,laki-laki,dokter gigi,klinik diklat kesehatan,2021
Kabupaten Bekasi,11,laki-laki,dokter gigi spesialis,klinik diklat kesehatan,2021
Kabupaten Bekasi,139,perempuan,dokter gigi,klinik diklat kesehatan,2021
Kabupaten Bekasi,28,perempuan,dokter gigi spesialis,klinik diklat kesehatan,2021
Kabupaten Garut,4,laki-laki,dokter gigi,klinik diklat kesehatan,2021
Kabupaten Garut,1,laki-laki,dokter gigi spesialis,klinik diklat kesehatan,2021
Kabupaten Garut,7,perempuan,dokter gigi,klinik diklat kesehatan,2021
Kabupaten Garut,0,perempuan,dokter gigi spesialis,klinik diklat kesehatan,2021
Kabupaten Garut,1,laki-laki,dokter gigi,klinik DINKES,2021
Kabupaten Garut,0,laki-laki,dokter gigi spesialis,klinik DINKES,2021
Kabupaten Garut,1,perempuan,dokter gigi,klinik DINKES,2021
Kabupaten Garut,0,perempuan,dokter gigi spesialis,klinik DINKES,2021
Kota Bandung,34,laki-laki,dokter gigi,klinik DINKES,2021
Kota Bandung,10,laki-laki,dokter gigi spesialis,klinik DINKES,2021
Kota Bandung,119,perempuan,dokter gigi,klinik DINKES,2021
Kota Bandung,23,perempuan,dokter gigi spesialis,klinik DINKES,2021
Kota Cirebon,4,laki-laki,dokter gigi,klinik DINKES,2021
Kota Cirebon,0,laki-laki,dokter gigi spesialis,klinik DINKES,2021
Kota Cirebon,16,perempuan,dokter gigi,klinik DINKES,2021
Kota Cirebon,0,perempuan,dokter gigi spesialis,klinik DINKES,2021
Kota Tasikmalaya,24,laki-laki,dokter gigi,klinik DINKES,2021
Kota Tasikmalaya,18,laki-laki,dokter gigi spesialis,klinik DINKES,2021
Kota Tasikmalaya,44,perempuan,dokter gigi,klinik DINKES,2021
Kota Tasikmalaya,20,perempuan,dokter gigi spesialis,klinik DINKES,2021
 Kabupaten Bandung,7,laki-laki,dokter gigi,rumah sakit,2022
 Kabupaten Bandung,2,laki-laki,dokter gigi spesialis,rumah sakit,2022
 Kabupaten Bandung,21,perempuan,dokter gigi,rumah sakit,2022
 Kabupaten Bandung,13,perempuan,dokter gigi spesialis,rumah sakit,2022
 Kabupaten Bandung Barat,5,laki-laki,dokter gigi,rumah sakit,2022
 Kabupaten Bandung Barat,3,laki-laki,dokter gigi spesialis,rumah sakit,2022
 Kabupaten Bandung Barat,13,perempuan,dokter gigi,rumah sakit,2022
 Kabupaten Bandung Barat,9,perempuan,dokter gigi spesialis,rumah sakit,2022
 Kabupaten Bekasi,24,laki-laki,dokter gigi,rumah sakit,2022
 Kabupaten Bekasi,14,laki-laki,dokter gigi spesialis,rumah sakit,2022
 Kabupaten Bekasi,102,perempuan,dokter gigi,rumah sakit,2022
 Kabupaten Bekasi,35,perempuan,dokter gigi spesialis,rumah sakit,2022
 Kabupaten Bogor,17,laki-laki,dokter gigi,rumah sakit,2022
 Kabupaten Bogor,23,laki-laki,dokter gigi spesialis,rumah sakit,2022
 Kabupaten Bogor,62,perempuan,dokter gigi,rumah sakit,2022
 Kabupaten Bogor,32,perempuan,dokter gigi spesialis,rumah sakit,2022
 Kabupaten Ciamis,2,laki-laki,dokter gigi,rumah sakit,2022
 Kabupaten Ciamis,1,laki-laki,dokter gigi spesialis,rumah sakit,2022
 Kabupaten Ciamis,6,perempuan,dokter gigi,rumah sakit,2022
 Kabupaten Ciamis,3,perempuan,dokter gigi spesialis,rumah sakit,2022
 Kabupaten Cianjur,1,laki-laki,dokter gigi,rumah sakit,2022
 Kabupaten Cianjur,1,laki-laki,dokter gigi spesialis,rumah sakit,2022
 Kabupaten Cianjur,8,perempuan,dokter gigi,rumah sakit,2022
 Kabupaten Cianjur,3,perempuan,dokter gigi spesialis,rumah sakit,2022
 Kabupaten Cirebon,3,laki-laki,dokter gigi,rumah sakit,2022
 Kabupaten Cirebon,7,laki-laki,dokter gigi spesialis,rumah sakit,2022
 Kabupaten Cirebon,14,perempuan,dokter gigi,rumah sakit,2022
 Kabupaten Cirebon,9,perempuan,dokter gigi spesialis,rumah sakit,2022
 Kabupaten Garut,1,laki-laki,dokter gigi,rumah sakit,2022
 Kabupaten Garut,0,laki-laki,dokter gigi spesialis,rumah sakit,2022
 Kabupaten Garut,7,perempuan,dokter gigi,rumah sakit,2022
 Kabupaten Garut,2,perempuan,dokter gigi spesialis,rumah sakit,2022
 Kabupaten Indramayu,3,laki-laki,dokter gigi,rumah sakit,2022
 Kabupaten Indramayu,1,laki-laki,dokter gigi spesialis,rumah sakit,2022
 Kabupaten Indramayu,6,perempuan,dokter gigi,rumah sakit,2022
 Kabupaten Indramayu,4,perempuan,dokter gigi spesialis,rumah sakit,2022
 Kabupaten Karawang,17,laki-laki,dokter gigi,rumah sakit,2022
 Kabupaten Karawang,11,laki-laki,dokter gigi spesialis,rumah sakit,2022
 Kabupaten Karawang,32,perempuan,dokter gigi,rumah sakit,2022
 Kabupaten Karawang,10,perempuan,dokter gigi spesialis,rumah sakit,2022
 Kabupaten Kuningan,5,laki-laki,dokter gigi,rumah sakit,2022
 Kabupaten Kuningan,0,laki-laki,dokter gigi spesialis,rumah sakit,2022
 Kabupaten Kuningan,12,perempuan,dokter gigi,rumah sakit,2022
 Kabupaten Kuningan,2,perempuan,dokter gigi spesialis,rumah sakit,2022
 Kabupaten Majalengka,1,laki-laki,dokter gigi,rumah sakit,2022
 Kabupaten Majalengka,1,laki-laki,dokter gigi spesialis,rumah sakit,2022
 Kabupaten Majalengka,6,perempuan,dokter gigi,rumah sakit,2022
 Kabupaten Majalengka,0,perempuan,dokter gigi spesialis,rumah sakit,2022
 Kabupaten Pangandaran,1,laki-laki,dokter gigi,rumah sakit,2022
 Kabupaten Pangandaran,1,laki-laki,dokter gigi spesialis,rumah sakit,2022
 Kabupaten Pangandaran,2,perempuan,dokter gigi,rumah sakit,2022
 Kabupaten Pangandaran,1,perempuan,dokter gigi spesialis,rumah sakit,2022
 Kabupaten Purwakarta,2,laki-laki,dokter gigi,rumah sakit,2022
 Kabupaten Purwakarta,3,laki-laki,dokter gigi spesialis,rumah sakit,2022
 Kabupaten Purwakarta,16,perempuan,dokter gigi,rumah sakit,2022
 Kabupaten Purwakarta,3,perempuan,dokter gigi spesialis,rumah sakit,2022
 Kabupaten Subang,20,laki-laki,dokter gigi,rumah sakit,2022
 Kabupaten Subang,1,laki-laki,dokter gigi spesialis,rumah sakit,2022
 Kabupaten Subang,20,perempuan,dokter gigi,rumah sakit,2022
 Kabupaten Subang,0,perempuan,dokter gigi spesialis,rumah sakit,2022
 Kabupaten Sukabumi,6,laki-laki,dokter gigi,rumah sakit,2022
 Kabupaten Sukabumi,3,laki-laki,dokter gigi spesialis,rumah sakit,2022
 Kabupaten Sukabumi,15,perempuan,dokter gigi,rumah sakit,2022
 Kabupaten Sukabumi,1,perempuan,dokter gigi spesialis,rumah sakit,2022
 Kabupaten Sumedang,4,laki-laki,dokter gigi,rumah sakit,2022
 Kabupaten Sumedang,0,laki-laki,dokter gigi spesialis,rumah sakit,2022
 Kabupaten Sumedang,3,perempuan,dokter gigi,rumah sakit,2022
 Kabupaten Sumedang,0,perempuan,dokter gigi spesialis,rumah sakit,2022
 Kabupaten Tasikmalaya,9,laki-laki,dokter gigi,rumah sakit,2022
 Kabupaten Tasikmalaya,0,laki-laki,dokter gigi spesialis,rumah sakit,2022
 Kabupaten Tasikmalaya,18,perempuan,dokter gigi,rumah sakit,2022
 Kabupaten Tasikmalaya,0,perempuan,dokter gigi spesialis,rumah sakit,2022
 Kota Bandung,67,laki-laki,dokter gigi,rumah sakit,2022
 Kota Bandung,95,laki-laki,dokter gigi spesialis,rumah sakit,2022
 Kota Bandung,177,perempuan,dokter gigi,rumah sakit,2022
 Kota Bandung,146,perempuan,dokter gigi spesialis,rumah sakit,2022
 Kota Banjar,0,laki-laki,dokter gigi,rumah sakit,2022
 Kota Banjar,0,laki-laki,dokter gigi spesialis,rumah sakit,2022
 Kota Banjar,1,perempuan,dokter gigi,rumah sakit,2022
 Kota Banjar,1,perempuan,dokter gigi spesialis,rumah sakit,2022
 Kota Bekasi,29,laki-laki,dokter gigi,rumah sakit,2022
 Kota Bekasi,26,laki-laki,dokter gigi spesialis,rumah sakit,2022
 Kota Bekasi,109,perempuan,dokter gigi,rumah sakit,2022
 Kota Bekasi,64,perempuan,dokter gigi spesialis,rumah sakit,2022
 Kota Bogor,13,laki-laki,dokter gigi,rumah sakit,2022
 Kota Bogor,21,laki-laki,dokter gigi spesialis,rumah sakit,2022
 Kota Bogor,65,perempuan,dokter gigi,rumah sakit,2022
 Kota Bogor,41,perempuan,dokter gigi spesialis,rumah sakit,2022
 Kota Cimahi,10,laki-laki,dokter gigi,rumah sakit,2022
 Kota Cimahi,8,laki-laki,dokter gigi spesialis,rumah sakit,2022
 Kota Cimahi,24,perempuan,dokter gigi,rumah sakit,2022
 Kota Cimahi,24,perempuan,dokter gigi spesialis,rumah sakit,2022
 Kota Cirebon,6,laki-laki,dokter gigi,rumah sakit,2022
 Kota Cirebon,18,laki-laki,dokter gigi spesialis,rumah sakit,2022
 Kota Cirebon,16,perempuan,dokter gigi,rumah sakit,2022
 Kota Cirebon,8,perempuan,dokter gigi spesialis,rumah sakit,2022
 Kota Depok,17,laki-laki,dokter gigi,rumah sakit,2022
 Kota Depok,30,laki-laki,dokter gigi spesialis,rumah sakit,2022
 Kota Depok,54,perempuan,dokter gigi,rumah sakit,2022
 Kota Depok,60,perempuan,dokter gigi spesialis,rumah sakit,2022
 Kota Sukabumi,2,laki-laki,dokter gigi,rumah sakit,2022
 Kota Sukabumi,1,laki-laki,dokter gigi spesialis,rumah sakit,2022
 Kota Sukabumi,11,perempuan,dokter gigi,rumah sakit,2022
 Kota Sukabumi,3,perempuan,dokter gigi spesialis,rumah sakit,2022
 Kota Tasikmalaya,6,laki-laki,dokter gigi,rumah sakit,2022
 Kota Tasikmalaya,2,laki-laki,dokter gigi spesialis,rumah sakit,2022
 Kota Tasikmalaya,13,perempuan,dokter gigi,rumah sakit,2022
 Kota Tasikmalaya,2,perempuan,dokter gigi spesialis,rumah sakit,2022
 Kabupaten Bandung,11,laki-laki,dokter gigi,puskesmas,2022
 Kabupaten Bandung,0,laki-laki,dokter gigi spesialis,puskesmas,2022
 Kabupaten Bandung,61,perempuan,dokter gigi,puskesmas,2022
 Kabupaten Bandung,0,perempuan,dokter gigi spesialis,puskesmas,2022
 Kabupaten Bandung Barat,7,laki-laki,dokter gigi,puskesmas,2022
 Kabupaten Bandung Barat,0,laki-laki,dokter gigi spesialis,puskesmas,2022
 Kabupaten Bandung Barat,32,perempuan,dokter gigi,puskesmas,2022
 Kabupaten Bandung Barat,0,perempuan,dokter gigi spesialis,puskesmas,2022
 Kabupaten Bekasi,4,laki-laki,dokter gigi,puskesmas,2022
 Kabupaten Bekasi,0,laki-laki,dokter gigi spesialis,puskesmas,2022
 Kabupaten Bekasi,41,perempuan,dokter gigi,puskesmas,2022
 Kabupaten Bekasi,0,perempuan,dokter gigi spesialis,puskesmas,2022
 Kabupaten Bogor,5,laki-laki,dokter gigi,puskesmas,2022
 Kabupaten Bogor,0,laki-laki,dokter gigi spesialis,puskesmas,2022
 Kabupaten Bogor,69,perempuan,dokter gigi,puskesmas,2022
 Kabupaten Bogor,0,perempuan,dokter gigi spesialis,puskesmas,2022
 Kabupaten Ciamis,3,laki-laki,dokter gigi,puskesmas,2022
 Kabupaten Ciamis,0,laki-laki,dokter gigi spesialis,puskesmas,2022
 Kabupaten Ciamis,14,perempuan,dokter gigi,puskesmas,2022
 Kabupaten Ciamis,0,perempuan,dokter gigi spesialis,puskesmas,2022
 Kabupaten Cianjur,9,laki-laki,dokter gigi,puskesmas,2022
 Kabupaten Cianjur,0,laki-laki,dokter gigi spesialis,puskesmas,2022
 Kabupaten Cianjur,27,perempuan,dokter gigi,puskesmas,2022
 Kabupaten Cianjur,0,perempuan,dokter gigi spesialis,puskesmas,2022
 Kabupaten Cirebon,12,laki-laki,dokter gigi,puskesmas,2022
 Kabupaten Cirebon,0,laki-laki,dokter gigi spesialis,puskesmas,2022
 Kabupaten Cirebon,43,perempuan,dokter gigi,puskesmas,2022
 Kabupaten Cirebon,0,perempuan,dokter gigi spesialis,puskesmas,2022
 Kabupaten Garut,6,laki-laki,dokter gigi,puskesmas,2022
 Kabupaten Garut,0,laki-laki,dokter gigi spesialis,puskesmas,2022
 Kabupaten Garut,21,perempuan,dokter gigi,puskesmas,2022
 Kabupaten Garut,0,perempuan,dokter gigi spesialis,puskesmas,2022
 Kabupaten Indramayu,7,laki-laki,dokter gigi,puskesmas,2022
 Kabupaten Indramayu,0,laki-laki,dokter gigi spesialis,puskesmas,2022
 Kabupaten Indramayu,29,perempuan,dokter gigi,puskesmas,2022
 Kabupaten Indramayu,0,perempuan,dokter gigi spesialis,puskesmas,2022
 Kabupaten Karawang,7,laki-laki,dokter gigi,puskesmas,2022
 Kabupaten Karawang,0,laki-laki,dokter gigi spesialis,puskesmas,2022
 Kabupaten Karawang,28,perempuan,dokter gigi,puskesmas,2022
 Kabupaten Karawang,0,perempuan,dokter gigi spesialis,puskesmas,2022
 Kabupaten Kuningan,8,laki-laki,dokter gigi,puskesmas,2022
 Kabupaten Kuningan,0,laki-laki,dokter gigi spesialis,puskesmas,2022
 Kabupaten Kuningan,16,perempuan,dokter gigi,puskesmas,2022
 Kabupaten Kuningan,0,perempuan,dokter gigi spesialis,puskesmas,2022
 Kabupaten Majalengka,7,laki-laki,dokter gigi,puskesmas,2022
 Kabupaten Majalengka,0,laki-laki,dokter gigi spesialis,puskesmas,2022
 Kabupaten Majalengka,17,perempuan,dokter gigi,puskesmas,2022
 Kabupaten Majalengka,0,perempuan,dokter gigi spesialis,puskesmas,2022
 Kabupaten Pangandaran,6,laki-laki,dokter gigi,puskesmas,2022
 Kabupaten Pangandaran,0,laki-laki,dokter gigi spesialis,puskesmas,2022
 Kabupaten Pangandaran,11,perempuan,dokter gigi,puskesmas,2022
 Kabupaten Pangandaran,0,perempuan,dokter gigi spesialis,puskesmas,2022
 Kabupaten Purwakarta,6,laki-laki,dokter gigi,puskesmas,2022
 Kabupaten Purwakarta,0,laki-laki,dokter gigi spesialis,puskesmas,2022
 Kabupaten Purwakarta,17,perempuan,dokter gigi,puskesmas,2022
 Kabupaten Purwakarta,0,perempuan,dokter gigi spesialis,puskesmas,2022
 Kabupaten Subang,2,laki-laki,dokter gigi,puskesmas,2022
 Kabupaten Subang,0,laki-laki,dokter gigi spesialis,puskesmas,2022
 Kabupaten Subang,23,perempuan,dokter gigi,puskesmas,2022
 Kabupaten Subang,0,perempuan,dokter gigi spesialis,puskesmas,2022
 Kabupaten Sukabumi,11,laki-laki,dokter gigi,puskesmas,2022
 Kabupaten Sukabumi,0,laki-laki,dokter gigi spesialis,puskesmas,2022
 Kabupaten Sukabumi,21,perempuan,dokter gigi,puskesmas,2022
 Kabupaten Sukabumi,0,perempuan,dokter gigi spesialis,puskesmas,2022
 Kabupaten Sumedang,7,laki-laki,dokter gigi,puskesmas,2022
 Kabupaten Sumedang,0,laki-laki,dokter gigi spesialis,puskesmas,2022
 Kabupaten Sumedang,19,perempuan,dokter gigi,puskesmas,2022
 Kabupaten Sumedang,0,perempuan,dokter gigi spesialis,puskesmas,2022
 Kabupaten Tasikmalaya,9,laki-laki,dokter gigi,puskesmas,2022
 Kabupaten Tasikmalaya,0,laki-laki,dokter gigi spesialis,puskesmas,2022
 Kabupaten Tasikmalaya,18,perempuan,dokter gigi,puskesmas,2022
 Kabupaten Tasikmalaya,0,perempuan,dokter gigi spesialis,puskesmas,2022
 Kota Bandung,12,laki-laki,dokter gigi,puskesmas,2022
 Kota Bandung,0,laki-laki,dokter gigi spesialis,puskesmas,2022
 Kota Bandung,48,perempuan,dokter gigi,puskesmas,2022
 Kota Bandung,0,perempuan,dokter gigi spesialis,puskesmas,2022
 Kota Banjar,2,laki-laki,dokter gigi,puskesmas,2022
 Kota Banjar,0,laki-laki,dokter gigi spesialis,puskesmas,2022
 Kota Banjar,6,perempuan,dokter gigi,puskesmas,2022
 Kota Banjar,0,perempuan,dokter gigi spesialis,puskesmas,2022
 Kota Bekasi,0,laki-laki,dokter gigi,puskesmas,2022
 Kota Bekasi,0,laki-laki,dokter gigi spesialis,puskesmas,2022
 Kota Bekasi,81,perempuan,dokter gigi,puskesmas,2022
 Kota Bekasi,0,perempuan,dokter gigi spesialis,puskesmas,2022
 Kota Bogor,2,laki-laki,dokter gigi,puskesmas,2022
 Kota Bogor,0,laki-laki,dokter gigi spesialis,puskesmas,2022
 Kota Bogor,47,perempuan,dokter gigi,puskesmas,2022
 Kota Bogor,0,perempuan,dokter gigi spesialis,puskesmas,2022
 Kota Cimahi,0,laki-laki,dokter gigi,puskesmas,2022
 Kota Cimahi,0,laki-laki,dokter gigi spesialis,puskesmas,2022
 Kota Cimahi,17,perempuan,dokter gigi,puskesmas,2022
 Kota Cimahi,0,perempuan,dokter gigi spesialis,puskesmas,2022
 Kota Cirebon,4,laki-laki,dokter gigi,puskesmas,2022
 Kota Cirebon,0,laki-laki,dokter gigi spesialis,puskesmas,2022
 Kota Cirebon,18,perempuan,dokter gigi,puskesmas,2022
 Kota Cirebon,0,perempuan,dokter gigi spesialis,puskesmas,2022
 Kota Depok,1,laki-laki,dokter gigi,puskesmas,2022
 Kota Depok,0,laki-laki,dokter gigi spesialis,puskesmas,2022
 Kota Depok,49,perempuan,dokter gigi,puskesmas,2022
 Kota Depok,0,perempuan,dokter gigi spesialis,puskesmas,2022
 Kota Sukabumi,3,laki-laki,dokter gigi,puskesmas,2022
 Kota Sukabumi,0,laki-laki,dokter gigi spesialis,puskesmas,2022
 Kota Sukabumi,11,perempuan,dokter gigi,puskesmas,2022
 Kota Sukabumi,0,perempuan,dokter gigi spesialis,puskesmas,2022
 Kota Tasikmalaya,2,laki-laki,dokter gigi,puskesmas,2022
 Kota Tasikmalaya,0,laki-laki,dokter gigi spesialis,puskesmas,2022
 Kota Tasikmalaya,9,perempuan,dokter gigi,puskesmas,2022
 Kota Tasikmalaya,0,perempuan,dokter gigi spesialis,puskesmas,2022
Kabupaten Karawang,0,laki-laki,dokter gigi,klinik DINKES,2022
Kabupaten Karawang,0,laki-laki,dokter gigi spesialis,klinik DINKES,2022
Kabupaten Karawang,1,perempuan,dokter gigi,klinik DINKES,2022
Kabupaten Karawang,0,perempuan,dokter gigi spesialis,klinik DINKES,2022
Kota Purwakarta,0,laki-laki,dokter gigi,klinik DINKES,2022
Kota Purwakarta,0,laki-laki,dokter gigi spesialis,klinik DINKES,2022
Kota Purwakarta,1,perempuan,dokter gigi,klinik DINKES,2022
Kota Purwakarta,0,perempuan,dokter gigi spesialis,klinik DINKES,2022
